label,x0,y0,x1,y1,x2,y2,x3,y3,x4,y4,x5,y5,x6,y6,x7,y7,x8,y8,x9,y9,x10,y10,x11,y11,x12,y12,x13,y13,x14,y14,x15,y15,x16,y16,x17,y17,x18,y18,x19,y19,x20,y20
A,0,0,-51,-18,-88,-64,-102,-106,-121,-133,-58,-107,-72,-135,-70,-102,-63,-81,-25,-111,-38,-143,-39,-97,-30,-82,9,-108,-1,-137,-6,-92,0,-77,45,-99,37,-126,26,-96,27,-81
A,0,0,-53,-18,-90,-64,-103,-106,-123,-132,-59,-107,-73,-136,-72,-103,-65,-80,-26,-110,-40,-142,-40,-96,-32,-80,8,-107,-4,-138,-7,-93,-1,-77,44,-99,34,-127,24,-96,26,-80
A,0,0,-52,-18,-88,-64,-103,-107,-124,-132,-59,-106,-72,-137,-72,-104,-65,-81,-26,-110,-39,-142,-41,-97,-33,-81,8,-106,-2,-138,-7,-93,-3,-76,43,-97,35,-125,24,-95,25,-80
A,0,0,-51,-21,-86,-66,-101,-109,-121,-136,-58,-106,-71,-138,-71,-107,-65,-82,-25,-110,-36,-144,-38,-99,-31,-80,10,-106,1,-138,-5,-93,-1,-74,46,-97,39,-126,28,-96,28,-80
A,0,0,-51,-20,-83,-66,-95,-109,-116,-137,-55,-109,-66,-137,-64,-103,-57,-79,-20,-111,-30,-143,-33,-95,-25,-78,15,-106,8,-137,0,-90,4,-73,51,-95,46,-123,34,-93,32,-78
A,0,0,-48,-19,-81,-67,-95,-110,-115,-139,-54,-110,-65,-140,-63,-104,-55,-80,-19,-112,-29,-145,-31,-94,-24,-79,16,-107,9,-137,1,-89,4,-74,52,-97,47,-124,34,-93,32,-79
A,0,0,-48,-20,-80,-70,-92,-115,-112,-143,-55,-110,-62,-141,-60,-105,-54,-80,-19,-112,-26,-146,-29,-96,-23,-78,17,-107,11,-139,3,-91,6,-74,53,-96,49,-124,36,-94,34,-80
A,0,0,-46,-20,-77,-70,-91,-113,-112,-140,-53,-110,-60,-139,-58,-103,-51,-78,-16,-112,-24,-144,-27,-94,-21,-77,20,-106,14,-135,6,-89,8,-74,56,-95,53,-120,40,-92,38,-79
A,0,0,-47,-21,-77,-72,-89,-116,-110,-143,-50,-112,-58,-141,-56,-103,-51,-77,-14,-113,-22,-144,-26,-93,-20,-76,22,-106,16,-134,7,-88,9,-72,58,-94,55,-120,42,-91,39,-78
A,0,0,-47,-22,-79,-72,-92,-117,-112,-145,-52,-113,-60,-141,-58,-104,-52,-81,-16,-114,-24,-145,-28,-95,-22,-81,20,-108,15,-137,5,-91,8,-78,56,-97,53,-122,39,-92,36,-80
A,0,0,-47,-21,-80,-71,-92,-115,-110,-144,-53,-112,-60,-139,-57,-101,-51,-78,-16,-113,-23,-143,-27,-92,-22,-79,20,-107,15,-135,6,-89,7,-76,55,-96,53,-120,40,-91,36,-79
A,0,0,-48,-21,-80,-71,-92,-115,-112,-143,-54,-111,-60,-140,-58,-102,-52,-79,-17,-112,-23,-144,-27,-94,-21,-79,20,-106,15,-135,6,-90,7,-76,55,-96,53,-121,40,-92,36,-80
A,0,0,-48,-19,-80,-72,-93,-117,-114,-144,-54,-112,-61,-142,-59,-103,-53,-79,-17,-113,-24,-145,-28,-94,-22,-80,20,-107,15,-136,5,-90,7,-76,55,-96,54,-121,40,-91,36,-79
A,0,0,-48,-20,-81,-71,-95,-116,-115,-145,-56,-111,-63,-142,-59,-102,-53,-78,-19,-113,-26,-147,-29,-94,-22,-79,18,-108,13,-138,4,-90,6,-76,53,-98,50,-122,38,-93,35,-81
A,0,0,-50,-19,-85,-68,-99,-111,-121,-137,-61,-110,-71,-138,-68,-104,-61,-80,-26,-114,-36,-146,-36,-98,-29,-81,10,-109,2,-139,-3,-93,1,-77,45,-99,39,-125,29,-96,28,-82
A,0,0,-51,-17,-88,-63,-104,-105,-125,-131,-63,-106,-75,-135,-72,-103,-65,-80,-30,-110,-42,-143,-42,-98,-34,-82,4,-107,-5,-138,-8,-93,-3,-77,40,-98,32,-126,23,-96,23,-81
A,0,0,-52,-17,-89,-61,-104,-103,-124,-129,-62,-103,-75,-132,-74,-101,-67,-79,-30,-107,-43,-140,-43,-97,-35,-80,4,-105,-7,-136,-10,-93,-5,-76,39,-97,31,-125,21,-96,21,-81
A,0,0,-52,-16,-89,-60,-104,-101,-124,-127,-63,-101,-76,-132,-75,-101,-68,-78,-31,-105,-44,-139,-44,-96,-37,-80,3,-103,-8,-136,-11,-92,-6,-75,39,-96,29,-124,20,-95,21,-79
A,0,0,-53,-16,-90,-59,-104,-100,-124,-126,-64,-100,-77,-130,-75,-99,-69,-78,-32,-105,-44,-137,-44,-93,-36,-79,2,-103,-9,-134,-11,-90,-6,-75,37,-96,28,-123,19,-93,21,-79
A,0,0,-52,-17,-88,-59,-102,-100,-121,-128,-61,-101,-74,-130,-73,-100,-67,-78,-28,-105,-41,-138,-43,-94,-35,-78,6,-103,-5,-133,-9,-90,-4,-74,42,-94,33,-122,23,-93,23,-78
A,0,0,-52,-17,-89,-60,-103,-102,-123,-128,-61,-100,-76,-131,-74,-101,-68,-79,-29,-104,-43,-139,-44,-96,-36,-80,4,-103,-7,-135,-10,-91,-4,-75,39,-96,30,-124,21,-95,22,-80
A,0,0,-53,-17,-90,-61,-104,-103,-124,-128,-62,-101,-76,-131,-75,-101,-68,-79,-30,-105,-44,-139,-45,-95,-37,-80,3,-103,-8,-135,-12,-91,-6,-75,38,-96,29,-124,20,-95,21,-79
A,0,0,-52,-17,-89,-61,-104,-103,-124,-129,-62,-101,-76,-132,-74,-102,-68,-80,-30,-105,-43,-138,-44,-95,-36,-80,4,-104,-7,-136,-11,-92,-6,-75,39,-96,30,-125,21,-96,22,-80
A,0,0,-52,-17,-88,-61,-104,-103,-125,-129,-61,-102,-76,-133,-74,-101,-67,-79,-29,-106,-43,-140,-43,-95,-35,-79,4,-104,-7,-136,-10,-91,-4,-74,39,-97,30,-125,21,-95,22,-80
A,0,0,-50,-19,-85,-65,-101,-106,-122,-132,-57,-106,-72,-135,-71,-104,-64,-80,-26,-109,-39,-141,-41,-97,-32,-81,8,-106,-3,-136,-8,-92,-2,-76,42,-97,34,-125,24,-96,24,-80
A,0,0,-48,-21,-81,-66,-97,-105,-117,-134,-55,-107,-68,-134,-66,-101,-59,-78,-23,-109,-34,-142,-36,-96,-29,-78,11,-104,3,-135,-4,-91,-1,-74,47,-94,41,-123,29,-94,27,-79
A,0,0,-47,-20,-80,-66,-90,-109,-97,-143,-50,-109,-60,-136,-60,-98,-54,-74,-16,-110,-26,-142,-30,-92,-23,-76,18,-104,11,-134,2,-87,6,-73,53,-93,47,-120,34,-89,33,-75
A,0,0,-47,-21,-80,-66,-91,-108,-100,-143,-50,-109,-61,-135,-61,-98,-54,-74,-17,-110,-27,-142,-31,-92,-24,-76,17,-105,9,-134,0,-88,4,-74,52,-94,46,-120,33,-89,31,-75
A,0,0,-48,-19,-82,-64,-93,-107,-101,-142,-52,-108,-63,-134,-61,-97,-55,-73,-17,-110,-28,-141,-31,-90,-24,-75,17,-105,9,-134,1,-86,5,-73,52,-94,45,-119,33,-88,32,-75
A,0,0,-46,-29,-75,-74,-89,-114,-102,-142,-35,-109,-45,-132,-45,-98,-37,-90,-4,-106,-12,-134,-20,-90,-12,-84,26,-98,20,-124,8,-82,13,-75,55,-86,50,-108,37,-82,39,-73
A,0,0,-44,-28,-74,-71,-88,-111,-101,-138,-34,-107,-45,-131,-44,-97,-35,-89,-3,-105,-12,-133,-19,-90,-11,-83,27,-97,20,-123,9,-82,14,-74,56,-84,51,-109,37,-83,39,-73
A,0,0,-45,-29,-74,-72,-89,-111,-102,-138,-35,-107,-45,-132,-45,-97,-36,-88,-4,-104,-13,-134,-20,-90,-12,-81,26,-96,20,-125,8,-83,13,-72,55,-84,50,-110,37,-84,38,-72
A,0,0,-45,-29,-74,-72,-90,-110,-103,-137,-36,-106,-46,-132,-46,-97,-37,-89,-5,-103,-14,-133,-20,-89,-12,-81,24,-96,18,-123,7,-81,13,-72,54,-84,47,-110,35,-83,37,-71
A,0,0,-47,-29,-75,-74,-89,-113,-104,-138,-37,-107,-45,-131,-45,-97,-37,-89,-6,-105,-14,-134,-20,-91,-13,-84,24,-98,19,-124,8,-84,12,-75,54,-87,48,-110,35,-83,37,-74
A,0,0,-46,-27,-74,-72,-88,-112,-104,-136,-37,-106,-45,-131,-44,-96,-36,-87,-6,-104,-13,-133,-19,-89,-13,-82,24,-97,19,-123,8,-82,12,-74,53,-85,48,-109,36,-82,37,-72
A,0,0,-46,-28,-75,-72,-89,-111,-105,-135,-38,-108,-47,-132,-45,-97,-37,-89,-7,-106,-15,-134,-21,-90,-14,-84,23,-99,17,-124,7,-83,12,-76,52,-87,47,-109,34,-83,37,-74
A,0,0,-46,-28,-75,-71,-90,-110,-105,-135,-37,-108,-47,-132,-46,-97,-37,-89,-6,-106,-15,-133,-21,-89,-13,-85,24,-98,18,-123,7,-82,12,-75,53,-87,47,-109,35,-82,37,-74
A,0,0,-47,-26,-75,-70,-88,-109,-103,-135,-37,-107,-48,-131,-46,-95,-38,-87,-6,-105,-16,-133,-21,-89,-13,-83,24,-97,17,-124,7,-82,13,-74,54,-86,48,-108,35,-81,37,-72
A,0,0,-46,-26,-74,-69,-88,-108,-103,-134,-37,-106,-45,-130,-45,-94,-37,-86,-5,-104,-13,-132,-20,-88,-13,-82,25,-97,19,-122,8,-81,13,-74,54,-85,49,-108,36,-81,37,-72
A,0,0,-45,-26,-75,-70,-90,-108,-104,-134,-37,-105,-45,-131,-45,-95,-38,-86,-6,-103,-14,-132,-21,-88,-14,-81,24,-95,18,-123,7,-81,12,-72,53,-84,48,-109,35,-81,36,-70
A,0,0,-45,-26,-72,-75,-83,-116,-101,-135,-34,-108,-44,-131,-45,-97,-37,-82,-3,-104,-12,-132,-22,-88,-15,-76,26,-94,18,-120,4,-77,10,-66,56,-80,46,-101,32,-74,35,-63
A,0,0,-45,-27,-72,-73,-83,-111,-99,-135,-33,-108,-43,-131,-45,-97,-38,-82,-2,-104,-12,-132,-22,-87,-15,-75,27,-93,18,-119,4,-77,10,-65,56,-79,47,-101,33,-73,36,-62
A,0,0,-45,-26,-71,-73,-82,-111,-99,-134,-32,-108,-43,-131,-44,-95,-36,-81,-1,-103,-11,-130,-21,-85,-13,-75,28,-92,19,-118,5,-76,11,-65,57,-78,48,-100,33,-73,36,-61
A,0,0,-44,-28,-72,-73,-86,-111,-104,-134,-33,-107,-42,-133,-44,-97,-38,-81,-2,-103,-11,-131,-20,-86,-14,-74,27,-93,19,-120,6,-77,11,-65,56,-79,47,-102,33,-74,36,-62
A,0,0,-44,-28,-72,-74,-86,-112,-104,-134,-33,-108,-42,-133,-44,-97,-38,-81,-2,-103,-11,-131,-20,-86,-14,-74,27,-93,19,-120,6,-78,11,-65,56,-79,47,-102,33,-74,36,-62
A,0,0,-45,-26,-72,-75,-82,-117,-101,-138,-32,-108,-42,-132,-44,-97,-36,-83,-2,-103,-12,-132,-21,-87,-14,-76,27,-94,18,-121,5,-78,10,-65,56,-80,47,-103,33,-75,35,-62
A,0,0,-46,-26,-72,-72,-81,-113,-97,-135,-34,-107,-45,-132,-46,-95,-38,-81,-3,-102,-14,-130,-23,-84,-15,-74,26,-92,17,-119,3,-76,10,-64,56,-79,46,-101,32,-73,35,-61
A,0,0,-44,-25,-69,-71,-78,-111,-95,-133,-33,-106,-43,-131,-45,-96,-38,-81,-2,-101,-11,-130,-21,-84,-14,-74,28,-91,20,-118,5,-76,11,-64,57,-77,49,-100,34,-73,36,-62
A,0,0,-44,-24,-70,-73,-80,-113,-98,-135,-33,-106,-43,-132,-44,-96,-36,-81,-2,-102,-12,-130,-21,-84,-13,-74,27,-91,20,-119,5,-76,11,-64,57,-78,49,-101,34,-74,36,-62
A,0,0,-45,-26,-71,-75,-80,-116,-97,-137,-32,-107,-42,-133,-44,-98,-37,-81,-2,-103,-11,-132,-20,-86,-13,-74,28,-93,20,-120,6,-77,11,-64,57,-79,49,-103,34,-75,36,-62
A,0,0,-44,-26,-70,-72,-81,-112,-96,-137,-32,-106,-41,-130,-43,-96,-36,-81,-1,-102,-10,-130,-20,-85,-13,-75,28,-92,20,-118,6,-76,11,-64,57,-78,49,-102,34,-74,36,-61
A,0,0,-44,-26,-71,-72,-80,-112,-95,-137,-33,-106,-42,-130,-43,-97,-37,-81,-3,-101,-10,-130,-20,-86,-14,-75,27,-92,20,-119,7,-77,10,-65,56,-78,50,-102,35,-75,35,-62
A,0,0,-44,-26,-71,-72,-81,-112,-96,-137,-33,-106,-42,-131,-44,-97,-37,-80,-2,-102,-10,-130,-20,-86,-14,-74,27,-92,20,-119,7,-78,10,-64,56,-78,49,-102,35,-75,36,-61
A,0,0,-43,-24,-71,-70,-82,-110,-97,-136,-34,-104,-42,-129,-44,-94,-38,-77,-3,-100,-10,-128,-20,-84,-14,-72,27,-90,21,-117,7,-75,11,-62,57,-76,49,-98,35,-72,36,-60
A,0,0,-44,-27,-71,-75,-81,-116,-96,-140,-32,-107,-41,-132,-44,-98,-37,-81,-2,-102,-10,-131,-20,-87,-14,-75,28,-92,21,-120,7,-78,11,-65,58,-78,50,-102,35,-75,37,-62
A,0,0,-44,-27,-70,-73,-80,-113,-95,-139,-32,-107,-41,-132,-43,-99,-37,-82,-2,-102,-10,-131,-20,-87,-14,-75,28,-92,21,-120,6,-78,11,-65,58,-78,50,-102,35,-75,36,-62
A,0,0,-43,-26,-70,-73,-80,-115,-97,-140,-33,-107,-43,-133,-44,-97,-36,-82,-2,-102,-11,-131,-20,-85,-13,-75,28,-92,21,-119,7,-76,12,-64,58,-79,50,-102,35,-75,37,-62
A,0,0,-44,-25,-70,-73,-80,-114,-97,-138,-33,-107,-42,-131,-43,-97,-36,-81,-3,-102,-11,-130,-20,-85,-13,-75,27,-92,21,-119,7,-76,12,-65,56,-79,50,-102,36,-74,37,-63
A,0,0,-46,-22,-74,-66,-86,-104,-102,-126,-40,-101,-51,-127,-50,-92,-43,-77,-10,-99,-20,-127,-24,-83,-17,-73,20,-92,11,-118,2,-76,8,-64,50,-81,41,-103,30,-74,32,-62
A,0,0,-48,-23,-77,-68,-87,-108,-104,-130,-41,-101,-54,-127,-51,-92,-44,-77,-12,-100,-24,-128,-27,-84,-19,-74,18,-94,7,-120,0,-77,7,-66,48,-83,38,-105,29,-77,33,-65
A,0,0,-48,-16,-85,-62,-99,-102,-115,-128,-57,-104,-71,-137,-74,-110,-69,-86,-29,-111,-41,-149,-47,-111,-42,-89,2,-112,-8,-153,-16,-116,-13,-92,36,-109,31,-145,16,-123,11,-104
A,0,0,-54,-17,-90,-64,-101,-106,-119,-131,-64,-103,-76,-139,-77,-117,-74,-93,-34,-111,-46,-153,-50,-119,-46,-94,-3,-112,-10,-157,-19,-125,-17,-98,31,-108,30,-148,15,-130,7,-109
A,0,0,-52,-17,-87,-63,-98,-106,-116,-132,-61,-102,-72,-140,-75,-118,-72,-94,-31,-110,-43,-152,-48,-120,-43,-94,0,-111,-8,-157,-17,-126,-14,-99,35,-106,34,-148,18,-132,9,-112
A,0,0,-53,-21,-85,-69,-94,-113,-111,-140,-58,-107,-67,-147,-69,-120,-66,-95,-27,-114,-36,-157,-41,-119,-37,-95,6,-113,0,-157,-8,-122,-6,-98,41,-107,42,-146,28,-128,22,-109
A,0,0,-52,-22,-84,-73,-92,-118,-109,-145,-56,-112,-65,-150,-67,-123,-65,-97,-25,-118,-32,-161,-38,-121,-34,-96,8,-116,4,-159,-5,-122,-4,-98,43,-108,43,-145,29,-123,23,-103
A,0,0,-51,-21,-83,-74,-90,-121,-107,-148,-54,-112,-58,-154,-60,-119,-58,-91,-19,-117,-23,-161,-30,-116,-27,-92,16,-114,15,-158,5,-118,5,-97,50,-106,52,-140,39,-118,34,-102
A,0,0,-50,-21,-81,-74,-91,-120,-106,-152,-52,-116,-55,-153,-56,-116,-56,-90,-17,-119,-19,-159,-25,-111,-24,-91,18,-114,21,-156,10,-113,7,-92,53,-104,58,-138,42,-110,34,-94
A,0,0,-49,-22,-81,-73,-92,-119,-107,-151,-54,-116,-57,-151,-58,-115,-57,-90,-18,-119,-20,-159,-27,-111,-25,-91,17,-115,19,-156,9,-112,7,-93,52,-105,57,-139,42,-111,34,-95
A,0,0,-52,-22,-87,-68,-97,-110,-114,-136,-60,-107,-70,-145,-73,-121,-72,-96,-30,-114,-43,-156,-47,-121,-42,-94,1,-113,-6,-160,-13,-127,-9,-100,35,-106,38,-148,23,-136,16,-119
A,0,0,-54,-16,-88,-56,-98,-95,-116,-117,-66,-92,-76,-124,-79,-107,-78,-84,-38,-102,-51,-139,-54,-111,-50,-87,-8,-105,-17,-146,-22,-119,-18,-95,25,-103,21,-141,10,-126,6,-105
A,0,0,-53,-17,-86,-56,-95,-94,-112,-115,-62,-91,-72,-124,-74,-108,-73,-84,-34,-100,-46,-138,-50,-113,-47,-87,-6,-103,-13,-144,-21,-120,-18,-94,28,-100,25,-139,13,-126,6,-106
A,0,0,-52,-17,-83,-56,-93,-93,-110,-116,-57,-92,-68,-123,-72,-106,-71,-84,-31,-101,-43,-136,-49,-109,-45,-85,-2,-103,-11,-142,-19,-116,-16,-91,31,-101,27,-139,14,-126,8,-106
A,0,0,-50,-16,-83,-56,-93,-94,-109,-117,-58,-95,-69,-127,-72,-107,-71,-84,-31,-103,-44,-141,-49,-110,-44,-86,-2,-105,-11,-146,-18,-116,-15,-91,31,-103,28,-141,15,-125,10,-105
A,0,0,-52,-18,-85,-61,-94,-100,-109,-125,-59,-100,-70,-132,-72,-112,-70,-89,-31,-109,-43,-145,-47,-114,-42,-91,-1,-111,-8,-151,-15,-120,-12,-97,33,-107,29,-145,17,-127,13,-108
A,0,0,-51,-21,-81,-71,-89,-113,-106,-139,-52,-108,-59,-144,-61,-114,-60,-88,-21,-113,-28,-151,-35,-113,-32,-91,11,-112,9,-155,-1,-122,-1,-100,45,-104,48,-141,31,-123,22,-106
A,0,0,-50,-24,-80,-72,-87,-114,-99,-145,-50,-111,-57,-146,-57,-116,-54,-90,-18,-116,-23,-156,-28,-115,-25,-92,15,-114,14,-157,4,-120,4,-98,49,-105,52,-140,37,-119,29,-101
A,0,0,-49,-26,-77,-74,-85,-116,-96,-146,-47,-114,-53,-150,-55,-118,-53,-92,-13,-117,-18,-154,-25,-112,-23,-89,21,-113,21,-153,9,-116,8,-95,54,-103,58,-137,42,-118,34,-102
A,0,0,-48,-25,-76,-73,-82,-114,-90,-145,-46,-114,-51,-147,-52,-115,-50,-88,-12,-117,-14,-155,-22,-110,-19,-88,22,-113,24,-152,12,-112,11,-92,56,-102,60,-137,45,-113,37,-96
A,0,0,-48,-26,-76,-76,-83,-121,-95,-152,-46,-113,-49,-149,-51,-115,-49,-90,-11,-116,-13,-158,-21,-114,-19,-93,23,-112,26,-153,13,-115,12,-96,57,-102,63,-137,46,-115,38,-100
A,0,0,-48,-27,-75,-77,-83,-122,-95,-154,-46,-115,-50,-151,-52,-118,-51,-92,-11,-117,-12,-159,-21,-114,-21,-91,24,-112,26,-155,13,-115,10,-93,57,-102,62,-137,46,-113,37,-96
A,0,0,-47,-27,-75,-76,-83,-120,-94,-152,-47,-115,-50,-151,-52,-118,-50,-93,-11,-117,-12,-158,-20,-113,-20,-91,23,-112,27,-155,14,-115,11,-93,57,-101,63,-137,46,-114,36,-97
A,0,0,-47,-27,-76,-75,-85,-118,-96,-152,-47,-116,-51,-150,-52,-118,-50,-93,-12,-119,-14,-159,-22,-113,-21,-92,22,-115,25,-155,12,-115,10,-95,55,-104,61,-138,44,-114,35,-98
A,0,0,-47,-25,-77,-73,-86,-116,-99,-148,-51,-117,-53,-148,-53,-115,-50,-90,-16,-121,-17,-157,-23,-110,-21,-90,19,-117,21,-154,11,-114,10,-96,52,-106,58,-138,44,-114,37,-100
A,0,0,-48,-25,-77,-73,-86,-116,-99,-148,-49,-115,-56,-148,-56,-117,-52,-91,-16,-118,-22,-158,-28,-114,-24,-92,18,-115,17,-156,6,-118,6,-97,52,-104,55,-139,39,-117,32,-101
A,0,0,-54,-21,-88,-62,-98,-100,-112,-126,-60,-99,-73,-133,-75,-113,-71,-89,-33,-108,-44,-148,-51,-117,-46,-91,-4,-110,-13,-154,-22,-125,-18,-100,30,-107,27,-145,11,-132,4,-115
A,0,0,-54,-16,-88,-57,-98,-96,-112,-123,-62,-95,-74,-130,-76,-109,-73,-86,-35,-104,-48,-143,-52,-112,-46,-88,-5,-106,-15,-149,-22,-119,-19,-93,28,-105,24,-143,10,-127,3,-107
A,0,0,-54,-16,-88,-57,-99,-95,-113,-120,-65,-95,-77,-130,-79,-110,-76,-86,-38,-105,-52,-144,-55,-113,-49,-88,-8,-108,-19,-151,-24,-121,-19,-95,25,-107,20,-144,7,-128,3,-109
A,0,0,-52,-14,-87,-53,-100,-90,-118,-112,-64,-95,-79,-125,-79,-103,-73,-80,-38,-104,-52,-138,-55,-106,-48,-83,-9,-107,-21,-146,-27,-116,-23,-92,24,-106,18,-144,5,-128,2,-110
A,0,0,-54,-11,-92,-49,-106,-87,-127,-109,-73,-92,-88,-120,-87,-99,-81,-77,-47,-103,-63,-135,-63,-104,-55,-83,-17,-108,-31,-144,-33,-114,-26,-93,17,-109,8,-144,-3,-126,-5,-107
A,0,0,-52,-10,-91,-50,-106,-87,-126,-110,-73,-90,-91,-121,-88,-99,-81,-77,-47,-102,-65,-137,-64,-104,-55,-82,-17,-108,-34,-147,-35,-114,-27,-91,17,-110,7,-147,-5,-129,-7,-109
A,0,0,-51,-12,-90,-53,-104,-92,-122,-117,-69,-95,-86,-128,-86,-105,-79,-80,-43,-105,-60,-144,-61,-110,-52,-86,-13,-110,-28,-151,-32,-118,-25,-94,20,-109,11,-148,-1,-129,-3,-110
A,0,0,-53,-20,-86,-63,-95,-100,-109,-127,-59,-101,-74,-138,-74,-111,-69,-86,-31,-109,-44,-149,-48,-114,-41,-90,-1,-111,-11,-156,-17,-124,-13,-99,33,-107,31,-147,15,-132,9,-112
A,0,0,-52,-21,-84,-64,-92,-101,-102,-130,-55,-104,-68,-139,-72,-117,-70,-90,-27,-110,-40,-150,-47,-119,-43,-93,3,-112,-6,-156,-16,-126,-12,-100,37,-107,34,-147,18,-131,11,-111
A,0,0,-53,-25,-82,-70,-89,-109,-102,-137,-52,-106,-62,-144,-66,-116,-64,-92,-22,-111,-32,-154,-40,-118,-37,-94,9,-110,2,-157,-9,-122,-7,-98,44,-104,42,-145,26,-127,19,-109
A,0,0,-53,-24,-82,-71,-89,-112,-102,-141,-52,-105,-62,-146,-64,-118,-61,-92,-21,-109,-30,-154,-37,-119,-34,-95,11,-108,6,-157,-5,-125,-5,-100,46,-102,46,-143,29,-127,20,-108
A,0,0,-51,-26,-81,-74,-86,-114,-99,-142,-49,-108,-59,-148,-62,-119,-60,-93,-18,-112,-27,-155,-34,-119,-31,-94,14,-110,8,-158,-2,-123,-2,-97,49,-103,49,-143,31,-125,23,-104
A,0,0,-50,-27,-79,-76,-86,-116,-98,-145,-49,-111,-57,-151,-59,-121,-57,-94,-18,-115,-24,-159,-31,-122,-29,-95,15,-112,12,-158,1,-124,-1,-98,49,-104,52,-143,35,-125,25,-106
A,0,0,-50,-30,-77,-80,-81,-122,-91,-151,-44,-114,-50,-154,-55,-124,-54,-96,-11,-117,-17,-160,-27,-122,-26,-96,21,-113,20,-159,7,-126,6,-102,55,-103,58,-142,41,-125,34,-106
A,0,0,-49,-31,-73,-81,-74,-123,-83,-153,-41,-115,-45,-152,-49,-125,-49,-100,-8,-116,-10,-159,-20,-123,-21,-98,26,-110,29,-158,14,-126,10,-102,60,-99,64,-138,46,-121,37,-103
A,0,0,-48,-31,-71,-82,-70,-125,-77,-155,-36,-115,-38,-153,-44,-124,-44,-99,-3,-115,-3,-158,-15,-119,-14,-97,30,-109,35,-154,19,-120,16,-97,63,-98,68,-134,50,-114,41,-96
A,0,0,-47,-32,-71,-84,-71,-128,-78,-158,-36,-118,-38,-156,-43,-125,-44,-101,-3,-118,-3,-160,-15,-120,-15,-99,30,-111,36,-156,19,-121,15,-99,63,-99,70,-136,51,-116,41,-99
A,0,0,-47,-33,-70,-85,-70,-128,-78,-159,-35,-119,-38,-157,-43,-127,-43,-101,-2,-118,-3,-161,-15,-122,-15,-99,31,-112,36,-157,19,-122,15,-99,64,-99,71,-137,52,-118,40,-100
A,0,0,-47,-31,-70,-82,-70,-126,-78,-158,-36,-117,-38,-155,-43,-125,-43,-101,-2,-117,-2,-160,-14,-119,-14,-97,31,-111,37,-155,20,-119,15,-97,64,-98,72,-136,53,-116,42,-98
A,0,0,-48,-32,-71,-84,-71,-128,-79,-159,-38,-119,-38,-155,-43,-125,-43,-101,-3,-119,-2,-159,-13,-118,-13,-98,32,-112,37,-154,21,-118,17,-97,65,-100,72,-135,54,-115,43,-98
A,0,0,-48,-33,-72,-85,-72,-129,-79,-160,-37,-119,-37,-158,-41,-126,-42,-102,-2,-119,-1,-161,-11,-120,-12,-99,32,-112,39,-157,23,-120,18,-99,66,-99,74,-136,55,-117,43,-100
A,0,0,-47,-31,-72,-81,-72,-125,-79,-157,-39,-120,-39,-155,-41,-124,-42,-100,-4,-120,-3,-159,-12,-116,-12,-97,31,-113,37,-154,23,-116,19,-96,65,-99,72,-134,54,-112,44,-96
A,0,0,-48,-28,-74,-77,-74,-122,-80,-155,-42,-116,-41,-152,-44,-119,-45,-96,-6,-117,-5,-154,-14,-111,-14,-93,28,-111,34,-151,21,-112,17,-94,62,-98,69,-132,52,-110,42,-94
A,0,0,-48,-30,-74,-78,-76,-122,-84,-152,-43,-116,-46,-152,-47,-123,-47,-98,-9,-118,-12,-159,-19,-119,-17,-97,26,-114,28,-156,15,-121,14,-99,60,-102,63,-136,47,-117,41,-101
A,0,0,-51,-30,-78,-78,-80,-122,-91,-152,-47,-114,-51,-150,-52,-122,-50,-97,-14,-117,-19,-158,-25,-119,-20,-97,20,-114,19,-155,8,-120,10,-99,54,-104,55,-140,42,-119,39,-102
A,0,0,-50,-29,-78,-72,-83,-111,-93,-140,-49,-105,-55,-145,-57,-121,-55,-95,-19,-109,-23,-153,-29,-121,-27,-97,12,-106,11,-151,2,-123,2,-99,44,-97,50,-135,38,-128,31,-117
A,0,0,-48,-29,-73,-71,-77,-106,-85,-131,-44,-101,-50,-134,-57,-117,-59,-95,-17,-106,-24,-143,-34,-117,-34,-93,11,-103,8,-144,-4,-119,-4,-94,41,-95,44,-131,28,-122,19,-108
A,0,0,-45,-24,-70,-65,-73,-100,-82,-122,-39,-93,-46,-126,-51,-108,-52,-86,-14,-97,-21,-134,-30,-109,-28,-86,12,-95,9,-135,-3,-110,-3,-86,40,-88,42,-124,27,-114,18,-98
A,0,0,-45,-22,-70,-63,-73,-99,-81,-121,-38,-91,-45,-124,-52,-106,-52,-85,-13,-95,-20,-132,-30,-108,-29,-85,12,-93,10,-132,-3,-108,-4,-85,40,-86,44,-121,28,-113,18,-96
A,0,0,-44,-20,-71,-61,-77,-96,-89,-119,-44,-92,-52,-126,-55,-105,-55,-82,-19,-96,-27,-131,-33,-103,-30,-82,7,-95,2,-133,-6,-106,-4,-84,36,-89,35,-122,22,-109,16,-92
A,0,0,-46,-19,-74,-60,-80,-96,-92,-118,-49,-92,-57,-124,-59,-102,-57,-81,-24,-97,-31,-131,-35,-102,-31,-81,3,-97,-1,-134,-8,-105,-6,-84,31,-92,30,-124,18,-108,13,-91
A,0,0,-45,-19,-73,-59,-79,-93,-92,-116,-48,-90,-57,-123,-59,-103,-57,-80,-23,-96,-31,-130,-34,-101,-30,-80,4,-95,-1,-132,-7,-105,-4,-83,33,-90,32,-123,19,-107,14,-90
A,0,0,-45,-19,-73,-59,-80,-93,-93,-115,-48,-91,-58,-123,-59,-101,-56,-80,-23,-96,-31,-130,-34,-100,-30,-79,4,-96,-2,-132,-8,-103,-4,-81,33,-91,31,-124,18,-107,14,-90
A,0,0,-45,-18,-73,-58,-80,-92,-93,-114,-49,-90,-58,-122,-59,-100,-56,-79,-23,-96,-32,-130,-34,-99,-29,-78,4,-95,-2,-132,-7,-102,-4,-81,33,-90,31,-123,19,-105,15,-88
A,0,0,-45,-18,-73,-58,-80,-93,-92,-115,-49,-91,-59,-123,-60,-100,-57,-78,-24,-96,-32,-130,-35,-99,-30,-78,4,-96,-2,-132,-8,-102,-5,-81,33,-90,31,-123,18,-105,14,-89
A,0,0,-44,-17,-72,-57,-80,-91,-93,-113,-49,-90,-59,-121,-60,-98,-57,-77,-23,-95,-32,-128,-35,-96,-29,-77,4,-95,-2,-131,-8,-99,-4,-79,33,-90,30,-122,18,-104,14,-87
A,0,0,-44,-17,-73,-57,-80,-91,-93,-113,-49,-90,-59,-121,-60,-98,-56,-77,-23,-96,-32,-129,-35,-97,-29,-77,4,-95,-2,-131,-8,-100,-4,-79,33,-90,31,-122,18,-104,15,-88
A,0,0,-44,-17,-73,-57,-80,-91,-93,-113,-49,-90,-60,-121,-60,-98,-57,-76,-24,-95,-33,-128,-35,-97,-30,-77,4,-95,-2,-131,-8,-100,-5,-79,33,-89,30,-122,18,-105,13,-88
A,0,0,-45,-18,-73,-56,-81,-90,-94,-113,-50,-89,-60,-121,-61,-98,-57,-77,-24,-95,-33,-128,-36,-97,-31,-77,3,-94,-3,-131,-9,-100,-6,-80,32,-89,29,-122,17,-105,13,-89
A,0,0,-45,-17,-74,-57,-81,-91,-95,-113,-50,-89,-60,-121,-61,-98,-58,-76,-24,-94,-33,-129,-36,-97,-31,-76,3,-94,-3,-132,-10,-101,-6,-80,32,-90,29,-122,17,-105,12,-88
A,0,0,-45,-17,-74,-57,-81,-92,-94,-113,-50,-90,-60,-121,-61,-97,-58,-76,-24,-95,-33,-128,-36,-97,-31,-76,3,-95,-3,-131,-9,-100,-6,-79,32,-90,29,-122,17,-105,12,-88
A,0,0,-45,-18,-74,-57,-81,-91,-95,-113,-50,-89,-60,-121,-61,-97,-57,-76,-24,-94,-34,-128,-36,-97,-31,-76,3,-94,-4,-131,-9,-101,-6,-79,32,-90,29,-122,17,-105,12,-88
A,0,0,-45,-18,-74,-58,-81,-92,-95,-114,-49,-90,-60,-122,-61,-98,-57,-76,-24,-95,-33,-129,-36,-98,-31,-77,3,-95,-3,-132,-10,-102,-6,-80,32,-90,30,-123,17,-106,12,-89
A,0,0,-46,-18,-75,-58,-82,-92,-95,-114,-51,-89,-61,-122,-62,-98,-58,-77,-25,-95,-34,-129,-37,-98,-32,-77,2,-95,-5,-132,-11,-102,-8,-81,31,-90,28,-123,15,-106,10,-89
A,0,0,-46,-18,-74,-58,-82,-92,-95,-114,-50,-90,-60,-122,-61,-98,-58,-77,-24,-95,-34,-129,-37,-98,-32,-78,3,-95,-4,-132,-11,-102,-8,-81,32,-91,29,-123,15,-106,10,-89
A,0,0,-45,-19,-73,-59,-80,-94,-94,-117,-48,-92,-59,-123,-60,-100,-56,-78,-23,-97,-32,-131,-36,-99,-31,-79,4,-97,-2,-134,-10,-104,-7,-83,33,-92,30,-125,17,-107,12,-91
A,0,0,-44,-19,-73,-59,-80,-94,-94,-116,-49,-91,-59,-123,-60,-100,-56,-78,-23,-96,-32,-130,-36,-100,-31,-79,4,-96,-2,-133,-10,-104,-8,-82,33,-91,31,-124,17,-108,12,-91
A,0,0,-44,-18,-72,-58,-80,-93,-93,-115,-47,-91,-58,-123,-59,-99,-56,-78,-22,-96,-31,-130,-35,-99,-31,-78,5,-96,-1,-132,-9,-102,-6,-81,33,-91,31,-124,18,-106,13,-89
A,0,0,-44,-19,-72,-58,-80,-93,-93,-115,-47,-91,-57,-123,-59,-99,-55,-77,-21,-96,-30,-131,-35,-100,-30,-79,5,-96,0,-133,-8,-103,-6,-81,34,-91,33,-124,19,-108,14,-91
A,0,0,-42,-16,-70,-58,-80,-94,-94,-117,-50,-92,-58,-119,-55,-91,-49,-69,-22,-98,-29,-128,-29,-92,-23,-74,8,-97,5,-130,0,-96,2,-79,37,-91,38,-119,29,-98,25,-83
A,0,0,-38,-16,-64,-56,-77,-90,-97,-109,-41,-93,-49,-119,-48,-87,-44,-70,-11,-96,-18,-126,-22,-84,-17,-72,18,-92,15,-124,7,-88,9,-75,46,-85,49,-111,36,-89,29,-76
A,0,0,-39,-15,-66,-56,-78,-91,-97,-111,-41,-93,-49,-120,-48,-87,-43,-69,-12,-97,-19,-127,-22,-84,-17,-72,17,-94,14,-125,6,-87,8,-74,46,-86,47,-112,34,-88,29,-75
A,0,0,-39,-14,-65,-56,-77,-92,-96,-112,-41,-94,-49,-120,-48,-87,-43,-69,-12,-98,-19,-126,-22,-83,-17,-70,17,-94,15,-125,7,-87,8,-74,46,-87,48,-112,35,-88,29,-75
A,0,0,-39,-17,-65,-59,-77,-95,-97,-115,-43,-96,-51,-123,-50,-90,-44,-72,-13,-100,-19,-130,-23,-88,-18,-74,16,-96,15,-129,6,-92,7,-77,45,-89,48,-116,35,-93,27,-79
A,0,0,-39,-17,-64,-60,-76,-96,-96,-116,-42,-98,-50,-124,-48,-90,-43,-71,-12,-101,-18,-130,-22,-88,-17,-73,17,-97,16,-130,8,-93,8,-78,46,-89,49,-116,36,-93,29,-80
A,0,0,-39,-16,-65,-59,-78,-95,-97,-115,-45,-97,-53,-123,-50,-89,-44,-71,-14,-101,-21,-129,-23,-87,-18,-74,16,-99,14,-129,7,-91,8,-78,45,-91,47,-117,34,-93,28,-80
A,0,0,-39,-16,-65,-59,-77,-94,-96,-115,-44,-97,-52,-123,-49,-90,-43,-73,-14,-101,-21,-129,-23,-87,-18,-75,16,-98,14,-129,7,-91,8,-78,45,-90,48,-117,35,-92,28,-79
A,0,0,-40,-17,-66,-60,-78,-96,-97,-116,-46,-99,-53,-124,-50,-90,-45,-73,-16,-103,-22,-130,-24,-87,-19,-75,14,-100,14,-129,6,-91,6,-78,43,-91,47,-117,34,-93,27,-79
A,0,0,-39,-16,-66,-60,-77,-96,-95,-116,-44,-98,-51,-123,-49,-90,-45,-71,-14,-102,-20,-130,-23,-87,-19,-73,16,-98,15,-129,7,-91,7,-77,45,-90,48,-117,35,-93,28,-79
A,0,0,-39,-16,-65,-59,-77,-94,-96,-114,-43,-96,-51,-122,-49,-90,-45,-71,-13,-100,-19,-129,-23,-88,-18,-73,17,-96,15,-127,7,-91,8,-77,46,-89,49,-116,36,-93,29,-79
A,0,0,-43,-16,-71,-61,-82,-98,-102,-117,-49,-99,-56,-123,-53,-91,-47,-74,-22,-104,-31,-132,-30,-91,-23,-77,7,-103,0,-134,-4,-96,1,-79,37,-97,34,-125,25,-101,23,-85
A,0,0,-47,-22,-73,-62,-82,-96,-97,-116,-47,-91,-57,-121,-57,-99,-53,-79,-22,-96,-32,-130,-35,-102,-30,-82,4,-96,-2,-135,-10,-108,-7,-86,33,-92,32,-126,18,-113,12,-95
A,0,0,-46,-20,-73,-60,-82,-94,-98,-115,-48,-90,-58,-120,-58,-97,-53,-77,-23,-95,-32,-129,-35,-100,-30,-80,4,-95,-2,-134,-10,-106,-7,-84,33,-91,31,-125,18,-110,12,-93
A,0,0,-45,-20,-72,-60,-81,-94,-97,-114,-46,-90,-56,-121,-57,-98,-53,-76,-21,-95,-31,-130,-35,-100,-30,-79,5,-95,-2,-134,-10,-106,-7,-84,33,-91,32,-125,18,-110,12,-92
A,0,0,-45,-20,-73,-60,-82,-95,-99,-114,-47,-90,-57,-120,-57,-98,-52,-77,-22,-95,-31,-129,-35,-101,-30,-80,5,-95,-1,-134,-10,-107,-7,-85,33,-91,32,-125,18,-111,12,-92
A,0,0,-46,-20,-73,-60,-82,-95,-98,-114,-48,-89,-57,-119,-57,-97,-52,-77,-22,-95,-31,-129,-34,-99,-29,-80,5,-96,-2,-133,-9,-105,-6,-83,34,-92,32,-125,18,-109,12,-92
A,0,0,-44,-21,-71,-60,-80,-95,-97,-115,-46,-91,-56,-120,-56,-98,-52,-77,-21,-96,-31,-129,-34,-100,-28,-80,6,-96,0,-134,-8,-106,-6,-84,35,-92,33,-125,19,-110,13,-92
A,0,0,-44,-19,-70,-58,-80,-92,-96,-113,-45,-88,-55,-117,-55,-94,-50,-75,-20,-94,-30,-126,-33,-96,-26,-78,7,-94,0,-132,-7,-102,-4,-81,35,-90,33,-123,19,-107,14,-90
A,0,0,-45,-20,-72,-59,-80,-92,-96,-113,-48,-89,-57,-118,-56,-96,-51,-76,-22,-95,-31,-126,-33,-97,-28,-78,5,-95,-1,-131,-8,-103,-5,-82,34,-91,33,-123,19,-108,13,-90
A,0,0,-45,-19,-72,-58,-81,-93,-96,-114,-46,-88,-56,-119,-56,-96,-51,-75,-21,-94,-30,-128,-34,-98,-28,-78,6,-94,-1,-133,-8,-104,-5,-82,35,-90,33,-124,19,-109,14,-91
A,0,0,-44,-20,-71,-59,-80,-94,-95,-115,-45,-90,-55,-120,-55,-96,-50,-76,-20,-95,-29,-129,-33,-98,-27,-79,7,-95,0,-133,-7,-103,-4,-82,36,-90,35,-124,21,-109,15,-91
A,0,0,-45,-20,-72,-60,-81,-95,-98,-115,-47,-91,-57,-119,-56,-95,-50,-75,-21,-96,-31,-128,-33,-97,-27,-79,7,-97,-1,-133,-8,-104,-4,-84,35,-92,34,-125,20,-109,16,-93
A,0,0,-44,-20,-71,-61,-81,-96,-97,-116,-48,-92,-57,-121,-56,-96,-51,-76,-21,-97,-30,-128,-33,-97,-27,-78,7,-97,0,-133,-7,-103,-4,-82,37,-92,35,-124,21,-108,15,-91
A,0,0,-44,-21,-71,-62,-80,-96,-96,-118,-46,-93,-56,-122,-55,-97,-50,-76,-20,-98,-29,-129,-32,-98,-27,-79,8,-97,1,-134,-6,-103,-3,-82,38,-92,36,-125,22,-108,16,-91
A,0,0,-44,-20,-71,-61,-81,-96,-97,-118,-45,-92,-56,-121,-55,-96,-50,-76,-19,-97,-29,-127,-32,-96,-26,-79,9,-96,2,-132,-6,-102,-3,-82,38,-91,36,-124,22,-107,16,-90
A,0,0,-44,-20,-71,-62,-80,-97,-96,-118,-45,-93,-55,-122,-54,-96,-49,-76,-18,-97,-28,-128,-31,-96,-25,-78,10,-97,2,-133,-5,-102,-2,-82,39,-92,36,-124,23,-107,18,-90
A,0,0,-43,-20,-68,-64,-79,-101,-97,-122,-44,-95,-50,-123,-50,-93,-47,-72,-14,-99,-21,-130,-24,-94,-19,-76,16,-97,12,-130,5,-99,7,-82,45,-90,47,-120,34,-102,28,-88
A,0,0,-41,-20,-65,-63,-76,-99,-93,-122,-43,-96,-50,-125,-47,-93,-43,-72,-12,-99,-18,-132,-21,-92,-17,-76,18,-96,17,-129,8,-94,9,-79,48,-88,51,-117,38,-96,32,-82
A,0,0,-41,-18,-65,-64,-74,-101,-92,-123,-40,-99,-48,-127,-47,-93,-42,-74,-9,-102,-17,-132,-20,-90,-16,-77,21,-98,19,-129,11,-93,13,-80,51,-88,54,-114,41,-92,35,-79
A,0,0,-41,-19,-64,-65,-74,-102,-91,-124,-38,-99,-44,-127,-44,-91,-41,-75,-6,-100,-11,-130,-17,-88,-14,-79,24,-95,25,-126,16,-90,16,-81,53,-85,58,-109,45,-87,39,-77
A,0,0,-38,-18,-61,-63,-70,-100,-88,-122,-36,-99,-41,-123,-41,-88,-38,-71,-3,-100,-6,-127,-13,-84,-10,-75,28,-93,30,-121,19,-84,20,-76,57,-82,62,-105,49,-82,43,-72
A,0,0,-39,-19,-62,-64,-72,-101,-89,-125,-38,-101,-42,-126,-41,-91,-39,-74,-5,-103,-8,-129,-14,-85,-12,-76,26,-97,29,-125,19,-87,18,-78,54,-86,61,-109,48,-85,40,-75
A,0,0,-39,-19,-61,-64,-72,-102,-89,-126,-38,-105,-41,-128,-40,-91,-37,-76,-5,-106,-7,-132,-14,-86,-12,-79,27,-100,30,-126,19,-87,17,-80,55,-88,63,-109,48,-85,40,-77
A,0,0,-39,-17,-62,-63,-72,-101,-89,-125,-39,-101,-42,-127,-40,-89,-38,-74,-5,-103,-8,-129,-14,-85,-12,-78,26,-97,30,-125,19,-86,17,-79,54,-86,61,-108,48,-84,41,-76
A,0,0,-39,-19,-61,-64,-71,-102,-89,-125,-37,-102,-42,-127,-41,-92,-37,-75,-5,-104,-11,-131,-16,-88,-11,-78,26,-97,28,-127,18,-91,19,-81,55,-84,63,-108,49,-88,41,-79
A,0,0,-43,-18,-69,-66,-79,-105,-96,-130,-46,-103,-52,-130,-49,-96,-45,-76,-15,-106,-22,-135,-23,-92,-18,-79,16,-101,14,-134,7,-95,8,-81,47,-92,49,-121,38,-97,34,-83
A,0,0,-41,-21,-66,-67,-76,-105,-93,-129,-43,-103,-50,-131,-48,-97,-44,-76,-12,-106,-18,-136,-22,-94,-18,-78,19,-101,17,-135,8,-97,8,-81,49,-92,52,-121,38,-98,30,-83
A,0,0,-40,-21,-65,-67,-75,-105,-92,-129,-40,-102,-48,-130,-46,-96,-42,-76,-9,-104,-15,-137,-20,-95,-16,-79,21,-100,20,-135,9,-97,9,-81,51,-91,55,-121,39,-99,30,-83
A,0,0,-41,-20,-67,-67,-77,-106,-95,-129,-42,-102,-49,-131,-48,-96,-44,-77,-11,-104,-17,-137,-22,-94,-18,-79,19,-100,18,-135,8,-98,8,-82,50,-92,53,-121,38,-99,31,-84
A,0,0,-46,-22,-73,-66,-83,-102,-100,-126,-46,-100,-56,-129,-56,-99,-50,-77,-19,-104,-29,-136,-31,-98,-24,-79,9,-102,1,-139,-4,-104,1,-85,40,-96,37,-129,25,-108,22,-92
A,0,0,-47,-23,-74,-66,-83,-102,-100,-125,-45,-99,-57,-128,-57,-100,-52,-78,-18,-103,-30,-136,-34,-100,-26,-81,10,-102,1,-139,-7,-105,-2,-84,40,-95,37,-129,22,-111,18,-94
A,0,0,-46,-24,-72,-67,-80,-102,-97,-125,-41,-98,-53,-129,-55,-103,-51,-80,-15,-102,-26,-137,-31,-103,-26,-81,13,-100,5,-140,-4,-108,-1,-85,43,-93,41,-129,25,-113,19,-95
A,0,0,-45,-22,-71,-65,-80,-102,-97,-124,-43,-98,-54,-128,-55,-102,-50,-79,-15,-102,-26,-136,-31,-102,-26,-81,13,-100,5,-138,-4,-106,-1,-84,43,-93,42,-129,26,-112,19,-93
A,0,0,-45,-21,-73,-65,-81,-101,-98,-123,-43,-98,-54,-127,-55,-102,-51,-80,-17,-103,-27,-137,-33,-104,-27,-82,11,-101,3,-140,-5,-108,-2,-86,41,-94,38,-128,24,-111,18,-93
A,0,0,-44,-22,-71,-65,-80,-100,-97,-123,-42,-99,-54,-127,-56,-102,-51,-79,-16,-103,-27,-135,-33,-103,-28,-81,12,-101,4,-139,-5,-108,-2,-85,42,-94,40,-128,24,-112,18,-93
A,0,0,-44,-21,-71,-64,-80,-100,-97,-123,-42,-98,-55,-127,-56,-102,-51,-79,-16,-102,-27,-135,-33,-103,-28,-81,12,-99,4,-139,-5,-108,-3,-85,42,-92,40,-128,25,-112,18,-93
A,0,0,-45,-23,-72,-66,-81,-102,-98,-124,-42,-98,-55,-128,-56,-102,-51,-79,-15,-102,-28,-135,-33,-102,-28,-81,12,-100,4,-139,-6,-108,-3,-86,42,-93,41,-128,24,-112,17,-94
A,0,0,-44,-20,-71,-64,-80,-100,-97,-122,-43,-98,-55,-126,-56,-100,-52,-78,-17,-102,-27,-133,-32,-99,-27,-79,12,-100,4,-137,-4,-104,-2,-82,42,-93,40,-127,25,-109,20,-91
A,0,0,-44,-22,-71,-66,-79,-102,-96,-125,-43,-101,-55,-128,-56,-101,-51,-79,-16,-105,-28,-135,-33,-101,-27,-81,13,-103,5,-139,-5,-107,-2,-85,43,-95,42,-129,26,-112,19,-94
A,0,0,-44,-22,-70,-68,-80,-106,-95,-130,-44,-99,-51,-130,-50,-98,-45,-78,-14,-102,-19,-136,-23,-98,-19,-82,17,-100,14,-134,7,-100,10,-85,47,-92,47,-121,37,-100,36,-87
A,0,0,-43,-22,-68,-69,-77,-108,-94,-131,-40,-102,-48,-131,-47,-99,-43,-78,-9,-104,-17,-137,-22,-96,-16,-81,21,-100,20,-134,8,-98,8,-82,50,-89,55,-118,39,-98,31,-85
A,0,0,-37,-22,-57,-67,-63,-103,-76,-124,-26,-104,-26,-126,-30,-90,-32,-74,8,-100,10,-124,-2,-80,-3,-73,39,-90,45,-116,30,-78,27,-69,66,-74,75,-97,60,-72,50,-61
A,0,0,-39,-20,-58,-64,-65,-101,-80,-124,-31,-105,-28,-128,-32,-90,-34,-75,4,-102,7,-125,-5,-80,-7,-77,36,-92,43,-117,28,-78,23,-73,63,-78,73,-97,57,-72,47,-65
A,0,0,-38,-20,-56,-66,-62,-103,-77,-126,-29,-106,-26,-128,-30,-90,-31,-78,6,-103,9,-125,-3,-82,-4,-79,38,-92,46,-117,31,-80,26,-75,66,-77,76,-97,61,-75,53,-69
A,0,0,-39,-19,-58,-64,-64,-101,-79,-125,-29,-106,-28,-127,-30,-89,-31,-78,6,-102,7,-125,-4,-80,-5,-79,38,-92,44,-116,30,-78,26,-74,65,-76,75,-96,60,-72,51,-66
A,0,0,-38,-20,-56,-65,-61,-101,-75,-123,-26,-105,-23,-126,-28,-87,-29,-77,9,-101,11,-122,-1,-79,-1,-77,41,-89,48,-112,33,-75,31,-73,68,-73,78,-91,63,-69,56,-64
A,0,0,-39,-18,-57,-63,-62,-98,-75,-123,-27,-106,-25,-127,-29,-88,-32,-76,8,-101,11,-122,-2,-78,-4,-77,40,-89,48,-112,32,-74,27,-71,67,-73,77,-91,62,-68,53,-63
A,0,0,-38,-19,-57,-64,-62,-100,-76,-125,-27,-106,-25,-128,-29,-89,-32,-76,9,-102,11,-124,-2,-79,-4,-77,41,-90,48,-113,31,-75,27,-71,68,-74,77,-93,61,-69,52,-63
A,0,0,-39,-19,-57,-64,-63,-101,-78,-125,-28,-107,-26,-128,-30,-89,-32,-77,8,-103,9,-124,-3,-79,-5,-78,40,-91,47,-114,31,-75,26,-72,68,-75,77,-94,61,-70,53,-64
A,0,0,-39,-18,-58,-64,-64,-100,-75,-126,-29,-107,-27,-128,-30,-89,-32,-76,6,-104,9,-126,-2,-80,-5,-77,39,-93,47,-117,31,-76,26,-72,67,-78,76,-97,61,-71,53,-64
A,0,0,-40,-20,-62,-72,-68,-112,-82,-137,-35,-108,-38,-135,-38,-99,-35,-78,-3,-109,-4,-139,-12,-94,-9,-78,28,-101,31,-133,20,-94,19,-78,58,-89,64,-115,50,-92,43,-79
A,0,0,-46,-24,-72,-71,-80,-112,-99,-130,-45,-103,-51,-135,-52,-106,-49,-85,-16,-107,-23,-142,-29,-105,-25,-88,13,-103,10,-143,-1,-110,0,-89,44,-95,48,-128,33,-113,26,-99
A,0,0,-47,-21,-75,-63,-85,-100,-102,-122,-45,-96,-56,-126,-58,-103,-55,-80,-19,-101,-31,-135,-36,-103,-31,-81,9,-100,0,-140,-8,-110,-5,-86,39,-94,37,-130,23,-114,17,-95
A,0,0,-47,-18,-76,-60,-86,-96,-103,-117,-47,-93,-60,-123,-60,-98,-55,-77,-22,-99,-33,-132,-37,-99,-30,-80,6,-99,-3,-138,-10,-107,-5,-85,36,-94,33,-128,19,-111,14,-94
A,0,0,-47,-19,-76,-61,-86,-97,-103,-118,-47,-94,-60,-124,-60,-99,-55,-77,-21,-99,-33,-133,-37,-101,-31,-80,6,-99,-2,-139,-10,-108,-5,-85,36,-94,34,-129,19,-113,13,-95
A,0,0,-46,-20,-76,-62,-86,-98,-104,-120,-46,-94,-59,-125,-61,-103,-56,-79,-21,-100,-33,-135,-39,-104,-33,-81,6,-99,-2,-140,-11,-111,-8,-86,36,-94,34,-129,19,-114,12,-95
E,0,0,-49,-21,-87,-68,-79,-109,-40,-108,-56,-120,-66,-164,-69,-130,-64,-109,-24,-125,-32,-175,-40,-139,-36,-113,8,-123,3,-174,-9,-143,-9,-114,42,-115,41,-158,24,-144,18,-121
E,0,0,-50,-21,-88,-68,-81,-111,-41,-110,-56,-121,-66,-164,-69,-130,-62,-110,-24,-126,-32,-176,-39,-139,-35,-114,8,-125,5,-178,-8,-145,-9,-116,42,-116,41,-160,24,-146,17,-123
E,0,0,-48,-24,-85,-74,-77,-115,-37,-111,-49,-132,-57,-173,-61,-133,-55,-114,-16,-135,-24,-181,-32,-138,-26,-116,17,-131,14,-180,0,-141,1,-114,52,-121,51,-162,32,-143,27,-120
E,0,0,-48,-25,-85,-75,-77,-115,-37,-109,-50,-135,-59,-180,-64,-140,-58,-119,-16,-136,-23,-185,-32,-141,-27,-118,18,-130,15,-180,0,-141,1,-113,53,-118,52,-161,34,-141,28,-118
E,0,0,-43,-23,-80,-72,-73,-109,-33,-104,-48,-134,-55,-178,-61,-136,-56,-118,-13,-135,-18,-184,-29,-136,-24,-117,21,-128,22,-178,6,-135,6,-111,56,-114,58,-158,39,-136,34,-114
E,0,0,-42,-21,-80,-68,-74,-106,-33,-102,-48,-135,-55,-178,-62,-135,-56,-119,-13,-135,-19,-182,-30,-134,-24,-117,22,-127,22,-174,6,-130,6,-109,57,-113,57,-152,40,-128,36,-108
E,0,0,-43,-20,-81,-70,-73,-107,-33,-101,-48,-136,-55,-179,-62,-135,-57,-118,-13,-136,-20,-183,-30,-134,-24,-117,22,-128,22,-175,6,-130,6,-108,57,-113,58,-153,40,-128,35,-108
E,0,0,-43,-22,-80,-72,-73,-109,-34,-102,-45,-138,-53,-180,-60,-136,-56,-117,-10,-137,-17,-182,-28,-133,-23,-115,25,-128,25,-175,8,-130,9,-108,60,-112,60,-152,41,-129,36,-108
E,0,0,-43,-23,-78,-74,-72,-110,-34,-103,-42,-140,-50,-181,-59,-136,-53,-119,-6,-138,-14,-183,-28,-134,-21,-117,27,-128,27,-172,8,-129,10,-109,62,-112,62,-150,42,-127,39,-108
E,0,0,-42,-26,-79,-77,-70,-116,-29,-109,-36,-141,-38,-182,-46,-139,-42,-125,1,-139,2,-183,-13,-135,-11,-122,36,-128,43,-169,23,-127,19,-111,71,-110,77,-145,56,-122,47,-105
E,0,0,-44,-32,-69,-92,-51,-128,-15,-109,-20,-148,-15,-189,-29,-147,-30,-129,17,-140,24,-186,5,-140,5,-123,51,-124,67,-170,44,-132,37,-112,82,-100,98,-139,76,-120,64,-102
E,0,0,-42,-36,-62,-100,-40,-136,-6,-116,-10,-148,0,-194,-19,-151,-21,-133,28,-139,40,-188,15,-143,11,-125,61,-121,81,-169,52,-131,41,-109,92,-95,113,-136,88,-119,72,-100
E,0,0,-44,-34,-69,-96,-49,-133,-12,-118,-21,-154,-13,-193,-25,-155,-28,-136,18,-148,27,-193,11,-149,8,-127,54,-132,69,-177,48,-140,40,-117,87,-109,103,-148,84,-130,72,-111
E,0,0,-55,-16,-105,-59,-109,-101,-71,-104,-84,-128,-104,-165,-99,-127,-88,-107,-50,-137,-71,-181,-69,-139,-56,-114,-15,-141,-33,-187,-37,-149,-28,-120,24,-138,12,-183,-2,-164,-3,-139
E,0,0,-53,-11,-99,-48,-99,-90,-60,-95,-80,-116,-101,-159,-101,-126,-91,-103,-50,-127,-72,-174,-73,-137,-60,-112,-17,-132,-35,-179,-42,-146,-34,-118,20,-131,10,-177,-6,-161,-8,-136
E,0,0,-54,-11,-101,-51,-101,-94,-61,-99,-82,-116,-102,-160,-101,-124,-90,-103,-51,-128,-72,-175,-72,-136,-60,-111,-18,-132,-35,-184,-42,-149,-34,-120,19,-132,9,-178,-6,-162,-9,-138
E,0,0,-55,-11,-101,-52,-100,-94,-60,-98,-81,-115,-101,-156,-99,-120,-87,-100,-50,-126,-70,-172,-70,-133,-57,-110,-17,-130,-33,-180,-39,-146,-30,-118,19,-128,10,-173,-5,-158,-5,-135
E,0,0,-54,-11,-100,-51,-99,-93,-59,-98,-81,-115,-101,-156,-99,-119,-87,-99,-49,-126,-70,-172,-70,-133,-57,-109,-16,-130,-32,-179,-39,-145,-30,-118,20,-128,11,-173,-5,-159,-7,-136
E,0,0,-53,-12,-99,-51,-99,-93,-60,-99,-80,-117,-99,-158,-98,-123,-87,-102,-48,-127,-69,-174,-70,-136,-57,-111,-15,-131,-31,-181,-39,-148,-31,-120,21,-129,12,-175,-4,-160,-6,-136
E,0,0,-54,-13,-99,-53,-99,-94,-61,-100,-78,-116,-99,-158,-97,-123,-86,-102,-47,-126,-68,-174,-69,-136,-56,-111,-15,-130,-31,-182,-38,-148,-30,-120,21,-129,13,-175,-3,-161,-6,-137
E,0,0,-51,-15,-97,-55,-96,-95,-56,-99,-76,-123,-95,-165,-91,-130,-80,-108,-44,-132,-62,-181,-62,-141,-51,-114,-9,-134,-23,-186,-29,-150,-22,-120,27,-130,20,-176,8,-161,8,-139
E,0,0,-50,-14,-92,-57,-85,-95,-44,-91,-74,-127,-89,-171,-84,-134,-76,-111,-38,-136,-50,-183,-47,-141,-42,-116,-1,-136,-6,-188,-8,-151,-8,-123,38,-129,41,-172,32,-151,27,-130
E,0,0,-47,-11,-90,-55,-80,-90,-35,-86,-66,-132,-78,-170,-76,-126,-70,-114,-27,-137,-35,-177,-39,-123,-35,-114,11,-133,12,-177,2,-128,2,-113,49,-121,54,-159,40,-129,34,-112
E,0,0,-46,-12,-88,-55,-78,-89,-33,-85,-64,-130,-73,-170,-71,-126,-65,-113,-23,-135,-29,-177,-34,-126,-31,-114,16,-129,20,-174,9,-130,6,-113,54,-115,61,-155,47,-129,40,-111
E,0,0,-44,-9,-86,-49,-75,-80,-29,-77,-58,-135,-72,-161,-69,-113,-61,-109,-18,-138,-26,-167,-30,-110,-25,-110,20,-130,23,-165,13,-115,14,-109,58,-114,64,-145,50,-113,46,-102
E,0,0,-44,-10,-87,-48,-75,-78,-28,-76,-58,-134,-72,-160,-68,-112,-60,-109,-17,-137,-26,-166,-30,-110,-24,-110,21,-128,23,-164,13,-114,15,-108,58,-114,64,-145,51,-113,47,-102
E,0,0,-44,-8,-86,-46,-75,-76,-28,-74,-58,-133,-71,-159,-68,-110,-59,-106,-16,-136,-25,-164,-30,-106,-24,-106,22,-127,24,-161,13,-110,15,-104,59,-111,65,-142,51,-110,47,-99
E,0,0,-43,-10,-86,-47,-75,-77,-29,-78,-59,-135,-72,-160,-67,-111,-59,-108,-17,-138,-25,-166,-28,-108,-23,-109,21,-130,24,-163,14,-112,15,-107,58,-116,64,-144,52,-112,47,-102
E,0,0,-43,-9,-85,-49,-74,-82,-28,-83,-60,-135,-73,-164,-68,-116,-60,-111,-18,-139,-27,-172,-30,-116,-24,-112,20,-131,22,-169,13,-119,16,-109,58,-117,62,-150,50,-119,48,-105
E,0,0,-47,-13,-88,-60,-75,-98,-34,-93,-68,-135,-73,-173,-71,-129,-66,-118,-29,-141,-33,-183,-35,-130,-31,-118,10,-137,12,-182,4,-132,5,-114,49,-126,54,-165,42,-136,36,-118
E,0,0,-50,-18,-91,-69,-83,-112,-42,-108,-67,-135,-76,-177,-76,-140,-70,-120,-31,-142,-42,-190,-44,-145,-36,-120,5,-140,0,-193,-8,-152,-5,-122,43,-129,46,-175,31,-156,25,-132
E,0,0,-53,-20,-95,-71,-89,-112,-49,-110,-68,-127,-80,-174,-79,-136,-72,-113,-34,-134,-46,-186,-49,-145,-42,-116,0,-134,-7,-191,-16,-156,-12,-123,36,-128,37,-175,20,-163,12,-139
E,0,0,-53,-20,-94,-69,-89,-111,-50,-109,-67,-126,-80,-168,-78,-134,-70,-111,-34,-134,-46,-181,-48,-143,-41,-113,0,-134,-8,-188,-16,-156,-13,-124,36,-129,37,-175,21,-165,13,-143
E,0,0,-53,-20,-94,-69,-88,-110,-49,-109,-67,-125,-80,-167,-79,-132,-71,-110,-34,-132,-46,-181,-49,-142,-41,-113,0,-133,-7,-188,-16,-155,-13,-122,36,-127,37,-174,20,-164,11,-140
E,0,0,-53,-18,-94,-67,-86,-109,-46,-107,-67,-124,-80,-166,-79,-131,-71,-108,-33,-131,-46,-179,-49,-140,-41,-110,1,-132,-7,-186,-16,-153,-13,-120,37,-125,39,-172,21,-162,12,-138
E,0,0,-53,-18,-93,-67,-86,-108,-48,-108,-67,-124,-80,-167,-79,-132,-72,-109,-34,-131,-47,-179,-49,-140,-41,-112,1,-131,-8,-185,-17,-154,-13,-121,37,-125,38,-172,21,-162,12,-139
E,0,0,-53,-19,-94,-68,-87,-110,-48,-108,-67,-125,-79,-167,-78,-132,-70,-110,-33,-132,-47,-179,-49,-140,-41,-112,0,-132,-9,-185,-17,-153,-13,-121,36,-125,37,-172,20,-161,12,-137
E,0,0,-53,-19,-95,-68,-88,-110,-47,-108,-68,-125,-81,-168,-79,-131,-71,-109,-34,-132,-47,-181,-49,-140,-41,-112,1,-132,-8,-187,-17,-152,-13,-120,37,-127,36,-174,19,-161,11,-137
E,0,0,-53,-19,-94,-68,-87,-109,-46,-107,-67,-125,-80,-168,-78,-131,-69,-108,-33,-132,-45,-180,-48,-139,-40,-111,2,-133,-6,-186,-16,-152,-12,-120,38,-127,38,-173,20,-161,12,-136
E,0,0,-53,-20,-94,-66,-87,-107,-47,-107,-67,-124,-80,-166,-78,-131,-70,-108,-33,-132,-46,-179,-48,-139,-41,-111,2,-132,-6,-185,-16,-152,-13,-119,38,-126,38,-173,20,-161,12,-136
E,0,0,-51,-18,-92,-66,-85,-107,-46,-107,-66,-125,-78,-166,-77,-131,-70,-108,-32,-132,-45,-179,-48,-139,-40,-110,2,-132,-6,-186,-15,-152,-12,-119,39,-126,38,-172,21,-159,14,-134
E,0,0,-51,-20,-92,-67,-85,-108,-46,-108,-66,-126,-78,-168,-78,-132,-70,-110,-32,-133,-44,-180,-48,-140,-40,-111,3,-133,-6,-186,-15,-152,-12,-119,39,-127,38,-174,21,-160,13,-136
E,0,0,-51,-19,-92,-67,-85,-108,-46,-107,-65,-126,-78,-168,-77,-132,-69,-109,-31,-133,-44,-180,-48,-139,-40,-111,3,-132,-5,-187,-15,-151,-11,-119,39,-126,38,-173,21,-159,14,-134
E,0,0,-51,-19,-92,-67,-86,-109,-46,-107,-65,-126,-78,-168,-77,-131,-69,-109,-31,-133,-44,-179,-47,-138,-40,-110,3,-132,-5,-186,-15,-151,-11,-119,39,-126,38,-172,21,-159,14,-134
E,0,0,-51,-19,-92,-67,-85,-108,-45,-107,-65,-126,-78,-168,-77,-132,-69,-109,-31,-133,-44,-180,-48,-139,-40,-111,3,-133,-5,-186,-15,-152,-11,-119,39,-126,39,-172,22,-160,14,-135
E,0,0,-50,-19,-92,-68,-85,-109,-46,-107,-65,-126,-77,-169,-77,-132,-69,-110,-31,-133,-44,-181,-47,-139,-40,-111,3,-133,-5,-187,-15,-151,-11,-119,39,-126,39,-173,21,-160,14,-135
E,0,0,-52,-18,-93,-67,-86,-109,-46,-106,-66,-125,-78,-167,-78,-131,-70,-109,-32,-132,-45,-180,-48,-138,-41,-110,2,-132,-6,-186,-15,-150,-12,-118,38,-125,38,-172,20,-159,13,-135
E,0,0,-52,-19,-93,-67,-86,-109,-46,-106,-66,-125,-78,-167,-78,-131,-70,-109,-32,-132,-44,-180,-48,-139,-41,-111,2,-132,-5,-186,-15,-151,-12,-119,38,-126,38,-172,20,-159,13,-135
E,0,0,-52,-19,-93,-67,-86,-109,-45,-106,-66,-125,-78,-168,-77,-131,-69,-109,-32,-132,-44,-180,-48,-139,-40,-111,3,-132,-6,-186,-15,-151,-12,-119,39,-126,38,-173,20,-159,13,-135
E,0,0,-52,-19,-93,-68,-86,-109,-46,-106,-66,-125,-78,-168,-77,-131,-69,-109,-31,-132,-44,-180,-48,-139,-40,-111,3,-132,-6,-186,-15,-151,-11,-119,39,-126,38,-173,20,-159,13,-135
E,0,0,-52,-19,-93,-68,-86,-109,-46,-107,-66,-125,-78,-168,-78,-131,-70,-109,-32,-132,-45,-180,-48,-138,-40,-110,2,-132,-6,-186,-15,-151,-12,-119,38,-126,38,-172,20,-159,13,-135
E,0,0,-52,-19,-93,-67,-85,-108,-45,-107,-66,-125,-79,-167,-78,-130,-70,-109,-32,-131,-45,-180,-48,-139,-41,-111,2,-131,-6,-185,-15,-150,-12,-118,38,-125,38,-172,20,-159,13,-134
E,0,0,-51,-19,-93,-67,-85,-108,-46,-106,-66,-125,-78,-168,-78,-131,-70,-109,-32,-132,-45,-181,-48,-139,-41,-111,2,-132,-6,-186,-15,-151,-12,-119,38,-126,38,-172,21,-159,13,-135
E,0,0,-51,-18,-93,-67,-86,-109,-46,-107,-66,-125,-78,-168,-78,-131,-70,-110,-32,-132,-45,-180,-48,-139,-40,-112,2,-132,-6,-186,-15,-150,-11,-119,38,-126,38,-172,20,-159,13,-135
E,0,0,-52,-19,-93,-68,-85,-109,-46,-107,-66,-126,-78,-169,-78,-132,-70,-110,-32,-133,-45,-181,-48,-140,-40,-112,2,-133,-6,-187,-15,-151,-11,-119,38,-126,38,-173,20,-160,13,-136
E,0,0,-52,-19,-93,-68,-86,-109,-46,-107,-66,-126,-78,-169,-78,-132,-70,-110,-32,-133,-45,-181,-48,-140,-40,-112,2,-133,-6,-187,-15,-151,-12,-119,38,-126,38,-173,20,-160,13,-136
E,0,0,-52,-20,-92,-69,-84,-109,-45,-107,-65,-126,-77,-170,-77,-133,-69,-110,-31,-133,-43,-182,-48,-141,-40,-113,3,-133,-5,-187,-15,-152,-11,-120,39,-126,39,-173,21,-160,14,-136
E,0,0,-52,-20,-92,-69,-85,-109,-46,-107,-66,-127,-77,-170,-77,-133,-70,-111,-32,-134,-44,-183,-48,-142,-41,-114,3,-133,-5,-187,-15,-152,-11,-120,39,-126,39,-173,22,-160,14,-136
E,0,0,-50,-20,-90,-68,-83,-108,-43,-105,-65,-127,-75,-172,-75,-135,-69,-112,-31,-134,-42,-184,-46,-143,-38,-114,4,-133,-3,-186,-13,-150,-10,-119,40,-126,40,-173,23,-159,16,-134
E,0,0,-51,-20,-91,-69,-81,-108,-41,-105,-66,-128,-76,-172,-76,-133,-69,-112,-31,-135,-42,-185,-46,-141,-38,-115,4,-134,-3,-188,-12,-150,-9,-118,40,-127,39,-173,22,-157,16,-132
E,0,0,-49,-19,-90,-66,-79,-106,-36,-102,-66,-127,-77,-173,-75,-134,-68,-113,-30,-134,-41,-186,-43,-142,-36,-116,6,-132,0,-187,-8,-149,-6,-119,43,-124,44,-171,28,-155,21,-132
E,0,0,-48,-16,-88,-60,-80,-100,-38,-98,-67,-125,-77,-172,-75,-134,-69,-112,-31,-132,-41,-184,-42,-138,-35,-114,6,-131,1,-183,-6,-143,-4,-116,43,-123,45,-167,31,-149,25,-127
E,0,0,-47,-12,-88,-54,-82,-94,-39,-94,-70,-123,-80,-171,-78,-132,-72,-113,-33,-131,-43,-182,-44,-136,-39,-117,3,-130,-1,-182,-8,-139,-7,-115,41,-122,41,-166,28,-145,24,-124
E,0,0,-47,-13,-89,-54,-83,-94,-40,-96,-71,-122,-81,-170,-77,-132,-72,-112,-34,-130,-42,-182,-42,-136,-38,-114,3,-130,0,-182,-6,-140,-5,-114,41,-123,42,-168,30,-146,25,-124
E,0,0,-48,-12,-91,-53,-84,-93,-40,-92,-73,-121,-84,-169,-82,-131,-76,-112,-37,-129,-47,-180,-47,-135,-43,-115,0,-129,-5,-180,-11,-138,-10,-112,38,-122,39,-167,27,-144,22,-122
E,0,0,-48,-10,-92,-49,-85,-88,-41,-90,-76,-120,-87,-165,-86,-130,-80,-110,-39,-129,-51,-178,-52,-135,-47,-112,-2,-129,-8,-179,-15,-141,-13,-114,37,-122,38,-166,26,-147,22,-124
E,0,0,-47,-10,-92,-49,-85,-89,-40,-90,-78,-119,-89,-164,-84,-130,-79,-112,-41,-130,-51,-176,-48,-133,-44,-113,-3,-131,-7,-178,-10,-138,-9,-115,37,-125,38,-168,30,-146,26,-125
E,0,0,-46,-10,-93,-47,-89,-86,-46,-90,-78,-120,-94,-159,-87,-121,-80,-107,-42,-131,-57,-174,-55,-128,-48,-112,-4,-132,-13,-181,-17,-140,-14,-119,35,-126,36,-167,25,-148,21,-130
E,0,0,-48,-9,-95,-45,-90,-85,-46,-89,-83,-116,-99,-156,-89,-117,-82,-103,-46,-128,-63,-171,-58,-125,-51,-109,-9,-131,-19,-180,-21,-139,-18,-117,30,-127,28,-172,19,-153,18,-134
E,0,0,-47,-8,-94,-43,-91,-82,-47,-87,-86,-113,-105,-153,-94,-114,-85,-102,-50,-126,-68,-169,-61,-122,-54,-110,-13,-129,-24,-177,-24,-134,-19,-116,27,-126,21,-169,15,-148,16,-130
E,0,0,-47,-6,-95,-40,-94,-80,-50,-86,-88,-112,-104,-153,-93,-115,-85,-100,-52,-125,-66,-169,-58,-122,-53,-107,-14,-130,-22,-177,-21,-133,-18,-114,26,-127,22,-169,18,-146,19,-128
E,0,0,-48,-7,-97,-41,-96,-81,-51,-86,-89,-112,-107,-153,-94,-111,-85,-98,-53,-126,-68,-169,-60,-119,-54,-106,-16,-130,-24,-176,-23,-131,-20,-113,23,-128,19,-169,13,-143,13,-125
E,0,0,-47,-7,-96,-41,-96,-81,-52,-87,-88,-111,-105,-153,-93,-112,-84,-98,-52,-125,-68,-168,-59,-119,-53,-106,-15,-129,-24,-176,-22,-131,-19,-112,25,-128,19,-169,13,-145,14,-126
E,0,0,-48,-7,-96,-41,-95,-80,-51,-86,-88,-112,-106,-153,-95,-112,-86,-98,-53,-125,-69,-168,-61,-119,-54,-106,-16,-129,-25,-176,-25,-131,-21,-111,23,-127,17,-168,9,-144,9,-124
E,0,0,-47,-7,-96,-40,-96,-79,-52,-86,-88,-111,-106,-152,-95,-112,-86,-98,-53,-125,-69,-168,-62,-120,-54,-107,-16,-129,-25,-174,-26,-129,-21,-111,23,-127,17,-167,9,-143,10,-124
E,0,0,-48,-6,-96,-40,-96,-79,-52,-85,-88,-110,-106,-151,-95,-111,-86,-97,-53,-123,-69,-167,-61,-119,-55,-106,-16,-127,-26,-174,-26,-130,-22,-111,22,-125,17,-166,8,-142,7,-124
E,0,0,-47,-6,-95,-40,-95,-78,-53,-85,-88,-111,-106,-152,-95,-111,-85,-97,-53,-124,-69,-167,-60,-118,-53,-105,-16,-128,-25,-173,-24,-128,-20,-110,23,-125,17,-166,9,-140,9,-121
E,0,0,-47,-6,-94,-40,-93,-78,-52,-84,-86,-110,-105,-153,-95,-113,-85,-96,-52,-122,-68,-167,-61,-119,-53,-102,-15,-126,-25,-173,-24,-129,-20,-107,23,-124,18,-166,10,-141,9,-121
E,0,0,-47,-6,-95,-41,-94,-80,-52,-85,-87,-112,-105,-154,-95,-113,-85,-97,-52,-124,-69,-168,-62,-119,-53,-103,-15,-127,-25,-174,-26,-129,-21,-108,24,-125,18,-166,9,-142,8,-122
E,0,0,-47,-6,-95,-40,-95,-79,-53,-85,-88,-110,-106,-153,-96,-114,-87,-98,-53,-122,-70,-168,-62,-120,-55,-104,-17,-126,-26,-174,-27,-130,-23,-109,21,-124,16,-166,7,-142,5,-123
E,0,0,-47,-6,-95,-40,-95,-78,-53,-85,-88,-110,-106,-153,-95,-112,-86,-96,-53,-123,-70,-168,-62,-119,-54,-104,-17,-127,-27,-173,-26,-128,-23,-108,21,-125,16,-166,7,-141,5,-121
E,0,0,-47,-7,-94,-41,-93,-79,-52,-86,-88,-111,-106,-154,-95,-113,-86,-97,-53,-124,-70,-169,-62,-120,-55,-104,-16,-128,-26,-174,-26,-129,-22,-109,23,-126,17,-168,8,-143,6,-123
E,0,0,-47,-8,-93,-42,-91,-79,-50,-86,-86,-111,-104,-154,-94,-113,-83,-97,-51,-123,-68,-169,-60,-121,-53,-103,-14,-127,-24,-174,-24,-130,-20,-108,24,-125,18,-167,9,-142,7,-122
E,0,0,-47,-9,-92,-43,-91,-81,-51,-88,-85,-113,-102,-156,-93,-117,-83,-100,-50,-125,-64,-171,-58,-124,-52,-106,-13,-129,-21,-177,-23,-134,-21,-111,25,-126,21,-169,11,-145,7,-123
E,0,0,-48,-11,-93,-46,-91,-85,-48,-89,-81,-114,-96,-157,-89,-119,-81,-102,-46,-126,-60,-172,-56,-127,-50,-109,-10,-129,-18,-177,-20,-136,-18,-114,28,-126,24,-169,15,-148,15,-128
E,0,0,-47,-11,-91,-48,-88,-87,-46,-93,-79,-116,-92,-158,-84,-120,-77,-101,-43,-127,-54,-173,-50,-129,-45,-108,-7,-130,-12,-178,-15,-137,-14,-112,32,-125,30,-168,20,-145,16,-123
E,0,0,-48,-11,-92,-49,-88,-89,-45,-93,-79,-116,-91,-160,-86,-123,-80,-105,-44,-127,-54,-175,-52,-131,-47,-110,-7,-129,-12,-178,-17,-138,-16,-114,32,-125,29,-169,19,-150,16,-129
E,0,0,-49,-14,-92,-56,-85,-96,-43,-98,-78,-120,-88,-163,-80,-122,-73,-105,-41,-131,-50,-177,-46,-130,-41,-112,-4,-133,-7,-180,-10,-138,-9,-116,34,-128,33,-170,23,-147,20,-127
E,0,0,-50,-13,-93,-56,-86,-96,-44,-98,-78,-120,-89,-163,-81,-122,-74,-105,-42,-130,-51,-176,-48,-130,-43,-112,-5,-133,-9,-181,-12,-138,-11,-116,34,-128,33,-172,23,-149,20,-128
E,0,0,-49,-15,-91,-57,-84,-97,-44,-99,-74,-121,-84,-165,-77,-124,-71,-107,-38,-131,-47,-178,-44,-132,-39,-114,-1,-132,-4,-180,-8,-138,-6,-116,38,-126,37,-170,28,-148,25,-128
E,0,0,-50,-15,-92,-59,-84,-99,-43,-99,-74,-123,-84,-165,-77,-124,-70,-106,-37,-132,-47,-179,-45,-132,-38,-113,0,-132,-5,-180,-8,-138,-5,-115,39,-126,38,-169,28,-147,26,-127
E,0,0,-50,-15,-92,-59,-85,-100,-44,-99,-74,-122,-85,-166,-78,-125,-71,-105,-38,-131,-48,-179,-46,-132,-39,-112,0,-132,-6,-180,-10,-139,-7,-115,38,-126,36,-169,24,-148,21,-127
E,0,0,-49,-15,-90,-60,-83,-101,-43,-101,-71,-123,-82,-167,-77,-126,-70,-107,-35,-132,-45,-180,-44,-133,-38,-113,2,-132,-2,-183,-8,-140,-6,-115,40,-125,40,-169,26,-147,21,-125
E,0,0,-48,-15,-89,-60,-82,-101,-42,-101,-71,-123,-81,-167,-75,-126,-68,-108,-34,-132,-44,-180,-43,-133,-37,-113,3,-131,-1,-183,-7,-141,-5,-115,41,-124,42,-169,28,-147,22,-125
E,0,0,-49,-18,-87,-64,-78,-103,-39,-100,-67,-126,-76,-171,-73,-130,-67,-110,-31,-132,-39,-182,-41,-137,-37,-115,5,-131,3,-184,-5,-145,-5,-118,43,-122,46,-167,31,-149,23,-127
E,0,0,-49,-18,-88,-64,-79,-103,-39,-101,-66,-126,-74,-170,-73,-131,-68,-111,-30,-132,-39,-182,-42,-138,-37,-115,6,-131,2,-183,-5,-144,-4,-116,44,-122,47,-167,32,-150,24,-127
E,0,0,-48,-18,-86,-64,-77,-103,-37,-101,-65,-126,-72,-171,-70,-131,-65,-112,-28,-132,-36,-182,-38,-138,-34,-116,8,-130,6,-182,-2,-143,-1,-116,46,-121,50,-167,35,-150,28,-129
E,0,0,-47,-18,-85,-65,-77,-104,-37,-102,-63,-129,-70,-173,-69,-133,-65,-116,-27,-135,-34,-183,-37,-138,-33,-118,10,-132,8,-182,0,-142,1,-118,47,-122,51,-168,37,-148,30,-126
E,0,0,-47,-17,-86,-64,-78,-104,-37,-100,-64,-127,-71,-172,-71,-132,-66,-115,-27,-133,-35,-182,-39,-138,-34,-118,9,-131,7,-183,-2,-143,0,-117,47,-121,51,-167,36,-149,30,-126
E,0,0,-47,-19,-84,-66,-73,-104,-33,-101,-60,-129,-66,-174,-66,-133,-61,-113,-23,-134,-28,-183,-33,-138,-29,-116,13,-130,12,-182,4,-142,5,-116,50,-121,54,-166,42,-146,37,-124
E,0,0,-48,-20,-84,-67,-71,-105,-31,-100,-56,-131,-62,-175,-62,-138,-58,-116,-20,-135,-24,-183,-27,-141,-24,-117,16,-131,17,-180,9,-143,8,-117,52,-120,57,-164,45,-144,40,-122
E,0,0,-48,-21,-83,-70,-69,-107,-28,-99,-54,-132,-58,-176,-61,-141,-58,-120,-16,-135,-18,-183,-25,-142,-23,-118,19,-130,22,-180,12,-146,10,-119,55,-118,61,-161,48,-145,41,-124
E,0,0,-48,-22,-83,-71,-68,-108,-28,-101,-54,-131,-58,-175,-60,-142,-57,-120,-17,-135,-19,-184,-25,-144,-23,-120,19,-131,22,-180,12,-145,10,-120,56,-118,61,-162,48,-144,41,-124
E,0,0,-49,-23,-82,-73,-65,-109,-24,-99,-49,-134,-52,-179,-57,-144,-56,-123,-12,-136,-14,-185,-21,-144,-19,-120,23,-129,28,-180,16,-146,14,-118,57,-115,66,-159,50,-143,40,-120
E,0,0,-48,-24,-80,-75,-63,-110,-22,-101,-46,-136,-49,-179,-53,-139,-49,-118,-9,-137,-10,-186,-18,-143,-16,-119,26,-130,32,-181,20,-143,18,-116,61,-114,70,-158,54,-140,45,-118
E,0,0,-46,-26,-77,-78,-60,-115,-21,-106,-44,-139,-45,-183,-51,-146,-49,-125,-7,-140,-7,-189,-18,-147,-16,-121,28,-132,35,-183,21,-147,18,-120,64,-117,73,-160,55,-145,45,-123
E,0,0,-46,-26,-77,-79,-60,-116,-21,-106,-43,-140,-45,-183,-50,-144,-47,-121,-6,-141,-7,-189,-17,-145,-15,-119,29,-132,36,-183,21,-147,19,-119,64,-116,74,-160,55,-145,44,-122
E,0,0,-46,-26,-76,-79,-60,-116,-20,-106,-41,-140,-42,-183,-49,-145,-46,-123,-5,-140,-5,-188,-17,-146,-14,-119,30,-131,37,-182,21,-147,19,-119,64,-115,74,-160,55,-145,45,-122
E,0,0,-47,-27,-76,-80,-59,-118,-20,-107,-41,-141,-42,-184,-49,-146,-46,-124,-5,-141,-5,-188,-16,-146,-14,-119,30,-133,38,-183,22,-149,19,-120,65,-117,75,-160,56,-146,45,-123
E,0,0,-46,-27,-76,-80,-60,-118,-20,-106,-40,-139,-41,-183,-48,-145,-46,-122,-3,-139,-2,-187,-14,-146,-14,-120,32,-130,39,-180,23,-145,18,-117,67,-114,76,-157,57,-143,45,-121
E,0,0,-47,-27,-76,-80,-59,-117,-20,-106,-40,-139,-41,-183,-49,-147,-47,-126,-4,-139,-4,-188,-15,-147,-13,-121,31,-130,38,-181,22,-147,19,-118,66,-114,75,-157,56,-144,45,-121
E,0,0,-45,-27,-75,-81,-58,-119,-19,-107,-38,-140,-38,-183,-46,-146,-45,-124,-1,-140,0,-188,-12,-146,-11,-121,34,-130,42,-181,26,-147,22,-120,68,-113,77,-157,58,-142,49,-120
E,0,0,-45,-29,-75,-83,-58,-121,-18,-109,-38,-141,-37,-186,-45,-150,-45,-126,-1,-140,2,-191,-11,-148,-10,-121,34,-130,43,-182,27,-148,22,-119,68,-113,77,-157,59,-143,49,-121
E,0,0,-45,-29,-74,-83,-57,-120,-18,-109,-38,-141,-36,-186,-45,-149,-45,-126,-1,-140,3,-191,-10,-148,-11,-121,34,-130,45,-183,28,-148,22,-119,68,-112,79,-157,60,-143,49,-120
E,0,0,-45,-30,-74,-83,-57,-121,-18,-111,-37,-141,-35,-187,-44,-149,-43,-127,0,-140,4,-191,-9,-148,-10,-121,35,-130,45,-184,28,-148,23,-118,70,-114,80,-159,61,-144,50,-121
E,0,0,-45,-30,-74,-84,-57,-121,-18,-111,-37,-141,-35,-187,-44,-149,-43,-127,0,-140,4,-192,-9,-149,-9,-121,35,-131,45,-184,28,-149,23,-119,69,-114,80,-159,61,-145,50,-121
E,0,0,-45,-29,-74,-83,-57,-120,-17,-109,-37,-140,-35,-186,-44,-148,-43,-126,0,-139,4,-191,-9,-148,-10,-121,35,-130,46,-183,28,-147,21,-118,69,-113,80,-158,61,-143,50,-120
E,0,0,-44,-29,-73,-83,-55,-120,-14,-108,-36,-142,-35,-186,-43,-148,-43,-125,1,-141,4,-192,-9,-147,-9,-119,37,-131,47,-184,29,-148,23,-118,71,-114,81,-158,62,-143,50,-119
E,0,0,-44,-30,-72,-83,-55,-120,-14,-109,-36,-142,-35,-186,-43,-150,-43,-127,1,-141,4,-192,-9,-149,-9,-120,36,-132,47,-185,29,-149,23,-119,71,-114,81,-159,61,-144,50,-120
E,0,0,-44,-29,-72,-83,-55,-120,-15,-109,-36,-142,-34,-187,-43,-149,-42,-126,2,-141,5,-192,-8,-149,-9,-121,37,-130,47,-184,29,-148,23,-118,71,-113,81,-158,62,-143,51,-120
E,0,0,-44,-30,-72,-83,-54,-120,-14,-108,-36,-142,-35,-186,-43,-149,-42,-127,2,-141,5,-191,-9,-148,-9,-121,37,-131,47,-183,29,-147,23,-118,71,-113,81,-158,61,-142,50,-119
E,0,0,-44,-29,-73,-82,-55,-120,-15,-108,-37,-141,-36,-185,-44,-146,-42,-123,0,-141,3,-192,-10,-147,-11,-119,36,-131,46,-183,27,-145,21,-116,70,-113,80,-158,61,-141,49,-117
E,0,0,-44,-29,-73,-82,-55,-119,-15,-108,-36,-142,-35,-186,-43,-147,-42,-124,1,-141,4,-191,-9,-147,-9,-120,36,-130,46,-182,28,-145,22,-116,70,-112,81,-157,61,-141,49,-118
E,0,0,-44,-29,-73,-83,-55,-121,-15,-109,-36,-142,-36,-186,-43,-147,-42,-124,1,-141,4,-192,-10,-147,-10,-120,36,-131,46,-183,27,-145,21,-116,70,-114,81,-159,61,-142,49,-119
E,0,0,-44,-29,-74,-83,-55,-121,-15,-108,-38,-142,-36,-186,-44,-145,-42,-123,-1,-141,3,-192,-10,-146,-10,-121,35,-131,46,-182,27,-144,21,-116,70,-114,81,-159,61,-141,50,-118
E,0,0,-45,-28,-74,-83,-56,-120,-15,-108,-39,-143,-37,-186,-45,-146,-44,-124,-1,-142,2,-192,-10,-146,-10,-120,35,-132,46,-183,28,-144,21,-116,69,-114,80,-158,60,-140,48,-117
E,0,0,-44,-29,-74,-83,-57,-120,-16,-108,-38,-142,-36,-186,-44,-146,-43,-124,0,-141,2,-191,-10,-145,-11,-120,35,-131,44,-181,26,-142,20,-113,69,-113,80,-157,61,-140,49,-117
E,0,0,-44,-28,-74,-83,-57,-120,-15,-107,-38,-143,-36,-186,-44,-145,-43,-123,0,-142,3,-191,-10,-144,-10,-120,35,-131,45,-181,27,-141,21,-113,69,-114,81,-157,61,-139,49,-116
E,0,0,-44,-29,-73,-83,-55,-119,-14,-106,-37,-143,-36,-186,-43,-144,-41,-123,1,-141,4,-190,-9,-144,-9,-120,36,-131,46,-180,28,-141,22,-114,69,-113,81,-157,62,-139,50,-117
E,0,0,-44,-28,-74,-82,-56,-119,-15,-106,-38,-143,-36,-186,-43,-143,-41,-121,0,-142,4,-191,-9,-143,-9,-119,35,-131,46,-180,28,-139,22,-112,69,-113,81,-157,62,-137,49,-115
E,0,0,-44,-28,-74,-81,-55,-117,-14,-105,-39,-141,-36,-185,-44,-143,-43,-122,-1,-139,4,-189,-10,-141,-11,-119,35,-129,46,-178,28,-138,21,-112,68,-111,81,-155,62,-136,50,-115
E,0,0,-43,-28,-73,-80,-55,-117,-14,-105,-38,-142,-35,-185,-43,-142,-41,-122,1,-140,5,-189,-9,-141,-10,-120,36,-129,47,-178,29,-138,22,-113,70,-111,82,-155,63,-136,51,-114
E,0,0,-43,-28,-73,-81,-55,-117,-14,-105,-38,-142,-35,-185,-43,-143,-42,-123,0,-141,5,-189,-9,-141,-9,-120,36,-130,47,-179,29,-138,23,-113,70,-112,82,-155,63,-135,51,-114
E,0,0,-44,-27,-74,-80,-56,-117,-15,-105,-39,-142,-37,-185,-44,-143,-43,-124,-1,-140,4,-189,-10,-141,-11,-120,35,-130,47,-178,28,-137,22,-113,69,-112,82,-155,62,-135,51,-114
E,0,0,-43,-27,-73,-80,-55,-116,-15,-104,-39,-142,-37,-185,-44,-142,-42,-123,0,-140,4,-189,-9,-142,-10,-121,36,-130,47,-178,29,-137,22,-114,70,-111,82,-154,63,-135,51,-115
E,0,0,-44,-26,-74,-79,-56,-115,-15,-103,-40,-141,-37,-183,-44,-140,-42,-122,0,-139,4,-187,-10,-139,-11,-120,36,-128,48,-176,29,-134,22,-112,70,-110,84,-152,64,-132,51,-113
E,0,0,-42,-26,-73,-78,-55,-112,-14,-100,-38,-141,-35,-183,-43,-140,-42,-123,1,-138,6,-185,-8,-138,-10,-121,38,-127,50,-173,31,-133,24,-112,72,-108,87,-149,67,-129,54,-111
E,0,0,-43,-24,-73,-77,-56,-111,-16,-98,-39,-141,-36,-182,-44,-141,-44,-125,0,-138,6,-184,-8,-137,-9,-121,37,-126,51,-173,32,-133,25,-113,72,-107,88,-147,69,-127,55,-108
E,0,0,-42,-22,-73,-74,-57,-107,-18,-94,-38,-139,-35,-179,-44,-138,-44,-121,2,-136,7,-181,-9,-135,-10,-118,38,-123,52,-170,33,-131,26,-111,72,-104,88,-142,69,-122,56,-104
E,0,0,-41,-22,-71,-73,-56,-105,-18,-92,-36,-138,-33,-177,-43,-137,-43,-118,4,-135,8,-179,-8,-133,-9,-114,40,-122,54,-168,35,-130,29,-110,75,-102,91,-141,72,-121,61,-103
E,0,0,-40,-21,-72,-71,-58,-103,-20,-91,-36,-136,-35,-176,-43,-135,-42,-119,4,-133,7,-176,-8,-129,-7,-114,40,-121,53,-166,35,-125,29,-106,76,-102,90,-141,72,-119,61,-101
E,0,0,-40,-19,-72,-69,-58,-102,-19,-90,-36,-136,-36,-173,-44,-131,-40,-118,4,-133,7,-174,-8,-128,-6,-115,40,-121,53,-165,34,-126,31,-109,76,-102,90,-139,71,-118,61,-101
E,0,0,-42,-19,-73,-70,-59,-103,-20,-90,-36,-137,-36,-173,-44,-129,-41,-117,4,-134,7,-174,-8,-125,-5,-114,40,-122,53,-163,34,-121,30,-105,76,-103,89,-139,70,-115,61,-98
E,0,0,-41,-19,-72,-71,-59,-104,-20,-92,-35,-139,-36,-173,-44,-130,-40,-117,4,-136,7,-174,-8,-126,-6,-115,40,-123,54,-164,34,-122,30,-107,76,-103,90,-139,71,-115,60,-98
E,0,0,-41,-19,-73,-70,-59,-104,-21,-92,-36,-139,-37,-173,-45,-128,-40,-116,4,-136,7,-174,-8,-124,-6,-114,40,-124,53,-165,33,-121,29,-107,75,-105,90,-139,70,-114,59,-99
E,0,0,-40,-19,-72,-69,-59,-103,-20,-93,-35,-138,-37,-173,-43,-129,-39,-117,4,-135,7,-174,-8,-124,-6,-114,40,-123,53,-164,34,-121,30,-107,75,-104,89,-139,70,-115,60,-100
E,0,0,-40,-19,-72,-70,-58,-103,-20,-92,-37,-139,-39,-173,-44,-127,-39,-115,2,-137,4,-175,-9,-123,-6,-112,39,-125,50,-166,32,-121,30,-107,74,-107,86,-142,68,-116,59,-101
E,0,0,-40,-20,-71,-71,-56,-104,-17,-92,-37,-141,-37,-174,-44,-127,-40,-114,3,-138,6,-175,-8,-122,-7,-111,40,-125,52,-165,33,-120,29,-106,75,-106,88,-141,70,-115,60,-100
E,0,0,-42,-19,-73,-72,-57,-106,-18,-94,-39,-141,-39,-174,-45,-129,-41,-116,0,-140,3,-177,-10,-126,-6,-115,37,-128,47,-168,30,-124,29,-110,73,-109,84,-144,66,-118,59,-102
E,0,0,-41,-20,-72,-73,-56,-106,-18,-94,-38,-142,-36,-178,-43,-133,-40,-117,1,-140,5,-180,-7,-128,-5,-114,38,-129,50,-170,34,-126,30,-109,72,-110,85,-145,68,-120,59,-103
E,0,0,-44,-23,-75,-76,-58,-112,-19,-100,-43,-142,-41,-180,-46,-137,-44,-121,-3,-142,0,-183,-11,-133,-9,-116,33,-132,42,-174,27,-129,25,-110,69,-114,79,-153,62,-128,55,-110
E,0,0,-45,-23,-76,-77,-59,-113,-19,-101,-44,-142,-41,-182,-47,-139,-44,-121,-5,-142,-2,-187,-12,-137,-10,-119,32,-133,40,-177,25,-133,23,-111,67,-116,76,-156,60,-132,54,-112
E,0,0,-46,-24,-78,-78,-60,-115,-20,-103,-46,-142,-44,-184,-49,-142,-47,-121,-7,-142,-4,-189,-14,-141,-13,-119,30,-133,38,-180,24,-139,20,-113,65,-116,75,-158,59,-138,50,-116
E,0,0,-46,-26,-77,-79,-60,-117,-19,-105,-44,-143,-44,-183,-49,-142,-46,-123,-6,-144,-5,-189,-14,-142,-13,-120,30,-135,36,-181,23,-140,20,-115,65,-119,74,-161,57,-140,49,-118
E,0,0,-46,-25,-77,-79,-59,-117,-20,-106,-43,-143,-43,-183,-49,-145,-47,-125,-6,-143,-6,-189,-16,-145,-14,-121,29,-135,34,-182,21,-144,18,-116,64,-118,73,-162,56,-143,47,-120
E,0,0,-47,-26,-79,-79,-62,-118,-23,-107,-44,-141,-45,-182,-51,-146,-50,-125,-8,-144,-10,-189,-18,-145,-16,-121,28,-136,31,-184,17,-144,16,-116,63,-121,70,-163,53,-144,46,-122
E,0,0,-47,-24,-79,-79,-63,-118,-24,-107,-46,-141,-47,-183,-53,-146,-50,-126,-9,-143,-11,-190,-20,-146,-16,-122,27,-136,30,-184,17,-146,17,-118,63,-120,68,-163,51,-144,44,-121
E,0,0,-47,-25,-79,-79,-63,-119,-25,-109,-46,-141,-48,-182,-54,-147,-51,-126,-9,-143,-12,-190,-21,-148,-17,-122,26,-136,29,-186,16,-148,16,-119,62,-121,68,-165,51,-147,45,-123
E,0,0,-48,-25,-81,-80,-67,-120,-27,-111,-48,-141,-52,-183,-57,-145,-52,-123,-11,-144,-15,-191,-24,-147,-20,-121,24,-137,26,-188,13,-148,13,-118,60,-122,65,-167,47,-147,39,-122
E,0,0,-49,-25,-84,-81,-69,-121,-29,-111,-50,-140,-55,-183,-60,-144,-55,-123,-14,-142,-19,-191,-27,-147,-23,-121,21,-136,22,-188,10,-151,10,-121,57,-123,62,-168,46,-151,39,-126
E,0,0,-49,-25,-83,-81,-70,-122,-30,-111,-50,-140,-55,-183,-58,-143,-53,-123,-14,-143,-18,-191,-26,-147,-21,-122,22,-136,22,-188,11,-150,12,-121,57,-123,61,-168,45,-151,39,-127
E,0,0,-50,-25,-85,-79,-73,-119,-35,-110,-53,-135,-57,-180,-61,-146,-58,-122,-17,-139,-22,-189,-29,-149,-26,-122,18,-134,17,-187,7,-153,7,-122,55,-122,59,-168,45,-155,38,-131
E,0,0,-49,-22,-87,-73,-77,-115,-38,-107,-56,-130,-61,-179,-66,-150,-65,-128,-21,-135,-28,-187,-34,-149,-30,-122,14,-131,11,-187,1,-153,1,-122,51,-121,56,-169,41,-156,34,-132
E,0,0,-49,-22,-88,-70,-81,-110,-41,-106,-59,-128,-66,-175,-70,-141,-68,-121,-24,-134,-34,-184,-39,-143,-34,-120,12,-132,6,-187,-3,-149,-1,-119,49,-123,51,-170,37,-152,31,-128
E,0,0,-49,-22,-88,-71,-79,-110,-40,-106,-58,-130,-66,-175,-68,-139,-64,-119,-24,-135,-32,-185,-37,-142,-31,-118,12,-132,7,-187,-1,-148,1,-119,49,-123,52,-170,38,-153,32,-129
E,0,0,-50,-22,-89,-68,-82,-108,-44,-106,-59,-128,-69,-175,-71,-141,-68,-121,-25,-135,-36,-185,-41,-145,-35,-121,10,-133,4,-189,-5,-152,-3,-122,47,-124,50,-170,35,-155,29,-132
E,0,0,-49,-21,-90,-66,-84,-107,-46,-105,-62,-126,-72,-172,-73,-136,-69,-116,-28,-133,-40,-183,-43,-142,-37,-119,7,-132,0,-187,-8,-149,-6,-120,44,-123,46,-170,32,-154,25,-131
E,0,0,-50,-21,-91,-65,-86,-105,-48,-105,-63,-126,-73,-171,-75,-135,-70,-114,-29,-133,-41,-183,-45,-141,-39,-117,6,-132,-1,-188,-10,-149,-8,-119,43,-123,44,-169,28,-152,22,-128
E,0,0,-49,-20,-89,-65,-86,-104,-48,-103,-63,-125,-74,-171,-75,-133,-69,-112,-29,-132,-42,-181,-45,-139,-38,-116,6,-131,-2,-186,-10,-147,-7,-118,43,-123,44,-170,29,-154,23,-131
E,0,0,-50,-19,-92,-63,-89,-103,-52,-101,-67,-124,-79,-168,-78,-130,-72,-111,-33,-131,-47,-181,-49,-138,-41,-116,2,-131,-7,-186,-14,-147,-10,-118,38,-123,37,-168,22,-151,17,-128
E,0,0,-51,-20,-93,-63,-89,-103,-51,-102,-68,-124,-83,-169,-82,-134,-73,-114,-35,-132,-49,-182,-51,-142,-42,-118,-1,-132,-10,-185,-17,-149,-12,-120,36,-124,34,-169,19,-154,14,-131
E,0,0,-50,-18,-93,-60,-90,-100,-52,-101,-70,-122,-84,-167,-83,-134,-76,-113,-36,-130,-51,-181,-52,-141,-43,-116,-1,-130,-11,-184,-18,-148,-13,-119,36,-123,34,-168,19,-154,14,-131
E,0,0,-50,-18,-93,-60,-92,-100,-52,-100,-70,-123,-84,-169,-83,-131,-76,-111,-37,-131,-51,-181,-52,-138,-43,-115,-2,-131,-12,-184,-19,-145,-14,-117,35,-125,31,-170,16,-152,13,-129
E,0,0,-51,-18,-94,-61,-93,-101,-54,-100,-71,-124,-87,-168,-84,-129,-76,-110,-37,-133,-53,-182,-53,-138,-44,-116,-2,-133,-13,-184,-19,-145,-14,-118,35,-127,29,-171,15,-152,13,-130
E,0,0,-51,-19,-94,-61,-92,-101,-53,-100,-70,-125,-86,-168,-83,-129,-75,-109,-37,-133,-52,-181,-52,-139,-43,-116,-2,-133,-12,-185,-18,-146,-13,-119,34,-126,30,-171,15,-153,12,-130
E,0,0,-50,-17,-94,-58,-94,-98,-55,-99,-72,-122,-89,-166,-85,-128,-77,-109,-39,-131,-56,-179,-54,-136,-45,-114,-4,-131,-16,-183,-21,-145,-16,-118,33,-126,27,-170,12,-152,9,-129
E,0,0,-50,-16,-93,-57,-93,-97,-54,-98,-72,-121,-88,-164,-85,-127,-77,-108,-39,-130,-55,-178,-55,-136,-45,-114,-4,-130,-16,-181,-21,-144,-16,-116,32,-125,27,-170,12,-152,8,-128
E,0,0,-49,-17,-92,-58,-92,-97,-54,-98,-70,-122,-87,-163,-84,-126,-75,-108,-37,-131,-54,-178,-53,-136,-44,-114,-3,-132,-14,-182,-20,-144,-15,-117,33,-126,29,-171,13,-152,9,-128
E,0,0,-49,-16,-92,-57,-92,-96,-53,-97,-69,-122,-86,-163,-84,-127,-75,-108,-37,-131,-53,-179,-53,-137,-44,-114,-3,-131,-13,-182,-20,-144,-16,-117,33,-125,29,-170,13,-152,8,-128
E,0,0,-50,-18,-91,-58,-90,-96,-52,-98,-68,-123,-84,-164,-81,-130,-73,-109,-36,-131,-50,-179,-50,-138,-42,-114,-1,-132,-11,-182,-18,-145,-15,-116,35,-125,30,-169,15,-152,10,-128
E,0,0,-49,-20,-91,-59,-90,-97,-51,-98,-67,-124,-83,-166,-80,-131,-72,-110,-34,-132,-49,-179,-48,-138,-40,-115,1,-132,-9,-181,-16,-145,-13,-118,37,-125,33,-169,18,-153,13,-131
E,0,0,-50,-19,-92,-60,-91,-98,-52,-99,-67,-124,-83,-167,-79,-130,-70,-111,-33,-132,-47,-179,-47,-138,-39,-117,2,-132,-7,-181,-14,-145,-10,-119,37,-125,34,-168,20,-152,16,-132
E,0,0,-51,-20,-91,-61,-88,-98,-49,-100,-64,-124,-79,-167,-77,-130,-69,-110,-31,-131,-43,-181,-45,-140,-38,-117,4,-130,-3,-183,-11,-149,-9,-121,39,-122,40,-166,24,-153,17,-131
E,0,0,-51,-22,-90,-64,-87,-102,-48,-102,-62,-126,-75,-169,-74,-134,-67,-114,-28,-133,-40,-182,-42,-142,-36,-118,6,-132,1,-185,-7,-151,-6,-122,42,-123,45,-168,29,-155,20,-133
E,0,0,-52,-22,-91,-65,-86,-104,-47,-103,-62,-125,-74,-171,-74,-134,-68,-115,-28,-131,-39,-182,-42,-142,-36,-119,6,-130,2,-185,-7,-151,-5,-123,42,-121,47,-166,30,-154,21,-132
E,0,0,-51,-21,-91,-64,-86,-102,-47,-102,-61,-126,-72,-172,-73,-135,-67,-115,-27,-132,-37,-182,-40,-141,-33,-118,7,-130,3,-185,-5,-149,-3,-121,43,-122,46,-168,30,-153,23,-131
E,0,0,-51,-21,-90,-64,-85,-103,-46,-103,-60,-124,-71,-172,-72,-135,-67,-115,-26,-130,-37,-182,-40,-141,-33,-116,8,-129,4,-184,-5,-149,-3,-120,44,-120,48,-167,32,-154,24,-131
E,0,0,-51,-22,-90,-66,-85,-104,-46,-103,-60,-125,-71,-172,-72,-135,-66,-116,-25,-131,-36,-182,-39,-139,-33,-117,9,-130,5,-185,-4,-148,-2,-120,46,-121,48,-168,32,-153,24,-130
E,0,0,-51,-22,-89,-66,-84,-104,-45,-104,-61,-125,-70,-172,-70,-134,-65,-116,-25,-131,-35,-183,-37,-141,-32,-119,10,-130,6,-184,-2,-148,-2,-120,46,-122,49,-168,34,-153,25,-131
E,0,0,-50,-22,-89,-67,-83,-105,-44,-104,-58,-127,-68,-173,-68,-136,-63,-117,-23,-132,-32,-184,-36,-141,-30,-119,11,-130,8,-183,-1,-147,0,-119,47,-121,51,-167,36,-153,27,-131
E,0,0,-50,-23,-88,-69,-82,-107,-42,-105,-58,-128,-66,-175,-67,-137,-62,-119,-22,-134,-31,-184,-34,-143,-29,-120,13,-131,10,-183,1,-148,2,-121,49,-122,54,-168,38,-153,30,-131
E,0,0,-50,-22,-88,-67,-82,-106,-43,-105,-58,-125,-66,-174,-68,-138,-64,-119,-22,-131,-31,-184,-35,-143,-30,-120,13,-129,9,-183,0,-148,1,-120,49,-120,53,-167,38,-152,30,-129
E,0,0,-50,-22,-88,-70,-81,-109,-42,-105,-57,-127,-65,-174,-66,-135,-62,-117,-22,-133,-29,-184,-34,-141,-29,-119,14,-130,11,-183,2,-146,3,-119,49,-120,55,-167,40,-152,32,-130
E,0,0,-49,-22,-87,-70,-79,-108,-41,-105,-57,-128,-64,-175,-65,-137,-61,-118,-21,-133,-28,-185,-32,-143,-28,-118,14,-129,12,-184,3,-148,4,-120,50,-119,56,-166,41,-152,33,-129
E,0,0,-50,-22,-87,-70,-79,-108,-41,-105,-57,-128,-63,-176,-66,-139,-62,-118,-21,-132,-27,-186,-33,-145,-28,-119,14,-129,13,-184,3,-149,3,-120,50,-118,56,-164,41,-151,33,-129
E,0,0,-49,-22,-87,-71,-79,-108,-40,-104,-55,-130,-63,-176,-65,-137,-59,-117,-19,-135,-26,-186,-32,-143,-27,-119,16,-130,14,-183,4,-147,5,-119,52,-119,56,-165,41,-149,34,-126
E,0,0,-49,-23,-87,-72,-78,-108,-38,-104,-55,-130,-62,-176,-64,-138,-59,-118,-18,-134,-25,-185,-31,-143,-26,-119,17,-130,16,-183,5,-148,6,-120,52,-118,56,-164,40,-149,33,-126
E,0,0,-49,-23,-87,-72,-79,-109,-40,-104,-54,-130,-61,-175,-63,-137,-59,-118,-18,-135,-25,-185,-31,-143,-26,-120,17,-130,16,-184,6,-148,7,-120,52,-119,57,-165,41,-149,33,-126
E,0,0,-49,-24,-87,-72,-79,-110,-39,-105,-53,-132,-60,-176,-63,-138,-58,-119,-17,-136,-23,-186,-30,-144,-25,-121,17,-131,18,-184,6,-148,7,-120,52,-119,57,-164,41,-149,33,-125
E,0,0,-49,-24,-87,-74,-78,-111,-37,-105,-53,-133,-60,-177,-63,-138,-57,-119,-17,-137,-22,-187,-29,-143,-25,-119,18,-132,18,-184,7,-146,6,-119,53,-120,57,-165,41,-147,33,-124
E,0,0,-49,-24,-87,-75,-78,-112,-37,-105,-52,-134,-60,-178,-62,-139,-57,-119,-17,-138,-23,-187,-29,-143,-24,-119,18,-133,17,-184,6,-146,7,-118,53,-121,58,-165,41,-148,33,-126
E,0,0,-50,-25,-87,-76,-77,-114,-36,-106,-52,-136,-58,-179,-61,-140,-57,-120,-16,-140,-21,-189,-28,-144,-24,-121,19,-134,21,-186,9,-147,8,-120,54,-121,60,-165,42,-147,33,-125
E,0,0,-49,-25,-86,-75,-76,-113,-36,-106,-51,-134,-57,-179,-61,-141,-57,-122,-15,-138,-20,-188,-28,-145,-25,-122,20,-133,21,-186,8,-149,7,-120,55,-120,62,-165,44,-149,34,-126
E,0,0,-49,-25,-85,-76,-74,-114,-35,-106,-50,-134,-55,-180,-59,-141,-54,-119,-14,-138,-18,-189,-26,-144,-22,-120,21,-132,23,-185,11,-147,9,-118,56,-119,64,-163,46,-147,36,-125
E,0,0,-48,-25,-82,-78,-71,-116,-32,-106,-49,-135,-52,-181,-55,-139,-53,-118,-12,-138,-15,-188,-23,-142,-21,-120,23,-131,27,-184,14,-145,11,-118,58,-117,67,-161,50,-144,40,-123
E,0,0,-49,-25,-83,-78,-71,-117,-32,-106,-48,-135,-49,-180,-54,-138,-52,-118,-11,-138,-12,-188,-22,-143,-21,-121,24,-131,29,-184,15,-145,12,-119,59,-117,68,-161,51,-144,42,-125
E,0,0,-48,-25,-82,-77,-70,-114,-30,-104,-47,-134,-49,-180,-54,-139,-51,-119,-10,-137,-11,-188,-20,-142,-18,-120,25,-129,31,-181,18,-143,14,-117,60,-115,70,-157,53,-140,43,-120
E,0,0,-48,-27,-81,-79,-68,-116,-29,-105,-46,-138,-46,-182,-50,-138,-48,-119,-8,-140,-7,-189,-16,-142,-15,-121,28,-131,35,-180,23,-142,18,-117,62,-114,75,-156,59,-140,48,-122
E,0,0,-48,-28,-80,-79,-66,-115,-28,-105,-44,-137,-43,-182,-49,-141,-49,-121,-8,-138,-5,-190,-15,-145,-15,-123,27,-129,36,-180,22,-143,17,-118,62,-114,75,-156,59,-142,48,-123
E,0,0,-48,-27,-80,-80,-66,-116,-27,-105,-45,-137,-43,-181,-48,-138,-47,-119,-7,-139,-5,-188,-14,-141,-14,-121,28,-130,36,-179,23,-140,18,-116,62,-114,75,-156,59,-140,48,-121
E,0,0,-47,-27,-78,-80,-64,-116,-26,-104,-43,-138,-42,-182,-47,-140,-46,-120,-6,-139,-4,-190,-13,-143,-13,-121,29,-130,37,-180,24,-142,19,-117,63,-113,76,-156,60,-139,48,-120
