label,x0,y0,x1,y1,x2,y2,x3,y3,x4,y4,x5,y5,x6,y6,x7,y7,x8,y8,x9,y9,x10,y10,x11,y11,x12,y12,x13,y13,x14,y14,x15,y15,x16,y16,x17,y17,x18,y18,x19,y19,x20,y20
A,0,0,-76,-23,-131,-104,-162,-172,-194,-217,-106,-198,-136,-260,-132,-193,-123,-164,-57,-204,-86,-239,-85,-153,-75,-153,-4,-193,-20,-228,-29,-150,-23,-150,45,-171,38,-192,22,-142,25,-139
A,0,0,-85,-23,-149,-109,-189,-183,-228,-228,-136,-202,-160,-261,-150,-201,-142,-175,-83,-215,-106,-254,-99,-163,-91,-163,-24,-208,-34,-248,-38,-161,-34,-159,33,-190,28,-208,17,-153,19,-151
A,0,0,-76,-24,-136,-110,-173,-182,-213,-226,-114,-205,-140,-278,-139,-219,-134,-182,-62,-212,-85,-268,-81,-177,-71,-167,-4,-203,-14,-260,-19,-179,-14,-169,50,-183,50,-225,37,-172,37,-160
A,0,0,-78,-23,-141,-103,-173,-165,-206,-208,-116,-213,-138,-279,-134,-215,-122,-169,-57,-222,-74,-309,-77,-217,-67,-176,3,-207,-1,-284,-12,-193,-10,-156,62,-176,63,-222,44,-164,39,-139
A,0,0,-76,-36,-138,-121,-175,-183,-218,-225,-89,-216,-124,-216,-110,-148,-93,-93,-29,-219,-62,-203,-48,-123,-33,-71,29,-203,6,-189,5,-112,6,-65,84,-178,71,-188,53,-138,43,-108
A,0,0,-75,-35,-138,-121,-177,-182,-223,-220,-95,-215,-126,-219,-109,-149,-92,-93,-35,-219,-63,-208,-49,-126,-36,-72,25,-204,4,-193,4,-117,6,-71,82,-181,68,-192,53,-143,45,-115
A,0,0,-77,-35,-143,-120,-183,-181,-229,-220,-99,-221,-135,-216,-115,-145,-94,-91,-39,-225,-72,-204,-57,-124,-40,-72,21,-208,-5,-193,-4,-116,-1,-68,78,-182,60,-189,45,-139,39,-110
A,0,0,-76,-30,-144,-114,-186,-176,-235,-214,-102,-216,-140,-216,-121,-147,-100,-93,-44,-223,-78,-201,-60,-121,-42,-69,13,-209,-12,-185,-7,-108,-1,-63,69,-187,53,-189,41,-140,36,-111
A,0,0,-79,-31,-150,-118,-194,-180,-244,-214,-108,-208,-144,-218,-123,-148,-102,-94,-49,-213,-83,-209,-63,-125,-43,-73,11,-202,-16,-196,-10,-116,-3,-68,67,-182,49,-195,37,-144,32,-115
A,0,0,-84,-32,-157,-114,-211,-173,-260,-206,-114,-212,-148,-243,-121,-167,-103,-149,-56,-215,-89,-239,-76,-149,-60,-140,3,-201,-16,-222,-19,-135,-8,-122,56,-182,46,-198,30,-144,34,-135
A,0,0,-87,-29,-166,-106,-226,-165,-277,-194,-124,-196,-154,-238,-131,-161,-117,-148,-67,-201,-93,-227,-84,-135,-77,-142,-10,-191,-25,-218,-30,-130,-25,-133,43,-176,33,-190,19,-133,23,-131
A,0,0,-73,-26,-134,-108,-177,-175,-217,-223,-98,-215,-150,-235,-144,-165,-126,-134,-41,-228,-90,-202,-80,-115,-58,-106,19,-214,-22,-167,-21,-90,-4,-87,76,-188,44,-151,31,-95,38,-87
A,0,0,-84,-34,-143,-127,-179,-199,-228,-246,-95,-242,-151,-257,-159,-192,-154,-150,-31,-251,-90,-233,-97,-154,-90,-126,33,-232,-14,-195,-27,-122,-23,-100,94,-197,59,-174,40,-117,39,-95
A,0,0,-103,-34,-196,-140,-266,-220,-327,-267,-142,-271,-212,-325,-214,-239,-199,-180,-64,-285,-132,-278,-125,-158,-97,-128,17,-265,-36,-224,-39,-116,-19,-98,97,-231,53,-201,32,-125,38,-107
A,0,0,-114,-46,-221,-162,-308,-238,-371,-292,-171,-307,-251,-355,-233,-249,-203,-193,-87,-319,-150,-323,-137,-187,-108,-178,1,-298,-37,-292,-46,-163,-26,-157,81,-261,56,-252,30,-169,39,-162
A,0,0,-108,-37,-206,-138,-284,-206,-353,-245,-163,-263,-235,-295,-208,-213,-179,-179,-92,-278,-155,-267,-131,-161,-100,-150,-17,-263,-63,-228,-56,-129,-37,-129,52,-236,17,-203,4,-131,12,-127
A,0,0,-105,-30,-187,-118,-244,-183,-296,-222,-144,-237,-202,-226,-166,-155,-137,-142,-79,-255,-128,-215,-104,-128,-84,-129,-11,-241,-44,-193,-41,-109,-29,-113,51,-214,30,-175,17,-116,21,-114
A,0,0,-91,-22,-167,-101,-221,-161,-274,-199,-128,-219,-179,-196,-150,-132,-124,-126,-67,-237,-116,-192,-95,-114,-74,-119,-5,-223,-39,-167,-36,-95,-24,-104,51,-199,30,-151,17,-98,19,-100
A,0,0,-75,-32,-132,-101,-171,-153,-216,-186,-93,-214,-139,-196,-134,-128,-121,-89,-37,-222,-84,-177,-80,-104,-70,-76,19,-203,-17,-154,-21,-90,-15,-66,73,-173,46,-141,31,-90,30,-65
A,0,0,-84,-23,-154,-95,-200,-149,-249,-182,-114,-205,-168,-187,-148,-125,-124,-102,-61,-217,-110,-168,-91,-93,-70,-83,-6,-203,-44,-147,-37,-79,-20,-74,48,-177,19,-132,12,-79,19,-70
A,0,0,-83,-35,-144,-108,-188,-165,-243,-195,-96,-209,-145,-206,-154,-149,-152,-111,-41,-218,-84,-187,-94,-121,-91,-97,13,-201,-24,-163,-37,-105,-35,-89,61,-170,32,-138,15,-94,12,-81
A,0,0,-85,-28,-153,-111,-207,-169,-253,-203,-114,-217,-159,-224,-135,-152,-115,-142,-51,-227,-93,-205,-81,-122,-63,-128,10,-209,-16,-176,-23,-97,-10,-104,61,-182,45,-149,27,-97,32,-99
A,0,0,-87,-36,-158,-122,-215,-177,-255,-206,-110,-215,-166,-232,-138,-159,-116,-148,-53,-224,-104,-210,-86,-127,-65,-136,4,-207,-34,-188,-36,-108,-16,-117,53,-180,24,-167,9,-116,25,-119
A,0,0,-88,-29,-160,-111,-219,-166,-267,-193,-119,-206,-172,-223,-148,-155,-127,-136,-65,-221,-111,-198,-90,-118,-69,-121,-7,-209,-43,-175,-38,-100,-21,-107,43,-185,15,-154,7,-105,20,-110
A,0,0,-85,-30,-158,-108,-216,-162,-264,-190,-117,-205,-172,-221,-153,-155,-132,-133,-64,-219,-111,-196,-92,-115,-70,-115,-7,-207,-42,-174,-38,-99,-20,-102,45,-183,18,-155,6,-103,16,-104
A,0,0,-86,-29,-159,-108,-215,-161,-265,-190,-119,-204,-176,-215,-153,-152,-129,-131,-66,-219,-112,-192,-91,-113,-69,-111,-9,-207,-44,-173,-40,-98,-21,-98,42,-183,16,-154,4,-102,13,-99
A,0,0,-91,-28,-166,-108,-225,-161,-279,-188,-128,-213,-183,-212,-153,-147,-129,-135,-70,-228,-117,-195,-95,-117,-75,-122,-10,-214,-44,-175,-40,-100,-23,-105,43,-189,20,-159,6,-106,14,-104
A,0,0,-90,-34,-163,-118,-219,-173,-271,-198,-116,-221,-170,-223,-147,-157,-124,-141,-59,-233,-106,-206,-91,-126,-69,-129,0,-216,-34,-180,-38,-106,-22,-112,51,-186,26,-157,9,-108,17,-110
A,0,0,-80,-37,-148,-125,-209,-184,-263,-214,-117,-209,-157,-255,-135,-180,-120,-157,-56,-212,-92,-233,-77,-142,-63,-147,7,-198,-16,-209,-17,-126,-9,-133,63,-176,46,-186,33,-130,38,-128
A,0,0,-74,-44,-137,-135,-194,-194,-244,-224,-95,-207,-130,-254,-111,-179,-100,-160,-35,-207,-67,-228,-59,-141,-49,-149,24,-188,4,-208,-5,-128,4,-131,74,-162,62,-173,45,-122,52,-121
A,0,0,-76,-39,-141,-131,-199,-188,-249,-220,-102,-205,-136,-252,-118,-178,-105,-152,-42,-207,-71,-228,-63,-138,-51,-136,18,-189,-1,-205,-9,-122,-2,-120,69,-165,57,-179,38,-124,41,-116
A,0,0,-79,-39,-146,-131,-205,-189,-257,-221,-102,-217,-143,-250,-121,-174,-106,-157,-41,-221,-77,-227,-68,-138,-54,-145,18,-201,-6,-202,-14,-120,-3,-126,67,-174,53,-174,33,-121,38,-121
A,0,0,-76,-37,-142,-123,-200,-179,-249,-209,-103,-205,-136,-238,-114,-162,-98,-150,-43,-208,-72,-221,-67,-133,-54,-138,15,-190,-1,-198,-14,-116,-6,-121,62,-166,51,-167,33,-114,38,-115
A,0,0,-93,-60,-168,-155,-216,-225,-218,-287,-95,-265,-160,-292,-145,-206,-119,-193,-36,-262,-106,-284,-101,-186,-70,-184,22,-240,-38,-249,-44,-158,-14,-160,75,-210,24,-210,7,-156,31,-158
A,0,0,-83,-51,-147,-138,-181,-208,-182,-269,-89,-220,-126,-262,-114,-182,-96,-171,-33,-218,-77,-265,-78,-172,-52,-167,23,-200,-16,-238,-25,-151,0,-149,75,-176,41,-198,25,-149,47,-150
A,0,0,-85,-58,-149,-142,-187,-208,-187,-265,-83,-229,-130,-264,-115,-185,-95,-172,-29,-226,-84,-259,-78,-169,-51,-166,26,-207,-20,-234,-25,-152,2,-150,75,-179,37,-196,21,-149,43,-148
A,0,0,-92,-59,-154,-148,-188,-212,-215,-265,-101,-223,-144,-254,-121,-174,-101,-167,-39,-221,-92,-253,-82,-164,-58,-163,19,-202,-27,-233,-31,-150,-7,-147,65,-178,32,-196,16,-149,34,-148
A,0,0,-92,-52,-160,-135,-199,-200,-223,-252,-96,-228,-147,-252,-123,-177,-105,-167,-41,-226,-93,-246,-81,-159,-62,-165,14,-208,-27,-230,-29,-148,-8,-149,61,-183,35,-200,19,-150,34,-149
A,0,0,-92,-51,-159,-140,-202,-206,-234,-255,-107,-226,-151,-256,-123,-179,-103,-172,-46,-226,-93,-247,-80,-160,-61,-168,12,-209,-23,-231,-25,-149,-7,-153,61,-187,40,-202,24,-153,38,-154
A,0,0,-91,-60,-153,-146,-195,-213,-225,-264,-84,-233,-143,-257,-122,-184,-101,-173,-28,-231,-92,-244,-81,-159,-56,-166,28,-210,-24,-226,-29,-145,-6,-146,76,-181,41,-192,22,-144,36,-143
A,0,0,-85,-55,-139,-146,-176,-216,-214,-264,-73,-218,-119,-248,-102,-177,-81,-168,-24,-213,-71,-237,-67,-158,-45,-158,22,-192,-18,-214,-24,-143,-3,-142,62,-169,32,-188,17,-143,34,-140
A,0,0,-61,-49,-102,-114,-126,-167,-148,-210,-45,-176,-86,-203,-78,-148,-63,-135,-11,-170,-50,-191,-48,-128,-32,-126,25,-158,-11,-177,-13,-117,6,-116,61,-143,33,-165,22,-127,37,-119
A,0,0,-59,-36,-100,-98,-126,-144,-155,-172,-65,-146,-91,-173,-78,-121,-67,-115,-28,-146,-55,-172,-49,-112,-37,-112,10,-136,-14,-158,-15,-102,-3,-102,43,-124,26,-140,17,-105,28,-103
A,0,0,-60,-38,-98,-100,-120,-142,-143,-165,-59,-146,-85,-171,-75,-121,-63,-112,-24,-142,-50,-164,-48,-108,-35,-108,12,-131,-9,-152,-15,-100,-1,-98,45,-117,30,-135,18,-102,28,-97
A,0,0,-62,-37,-104,-98,-130,-141,-156,-168,-63,-145,-96,-166,-79,-115,-66,-109,-27,-145,-60,-160,-51,-104,-38,-106,9,-134,-17,-151,-17,-99,-3,-99,41,-120,22,-135,14,-102,25,-100
A,0,0,-61,-36,-102,-95,-122,-142,-134,-178,-61,-147,-93,-166,-78,-115,-65,-109,-26,-146,-57,-164,-51,-106,-37,-107,10,-136,-15,-156,-17,-101,-3,-100,42,-121,25,-139,15,-105,26,-102
A,0,0,-57,-29,-100,-79,-120,-125,-116,-162,-59,-139,-84,-156,-75,-110,-64,-100,-23,-135,-49,-154,-46,-97,-34,-97,14,-127,-6,-147,-10,-92,1,-91,53,-113,36,-135,25,-99,33,-92
A,0,0,-68,-33,-118,-93,-141,-141,-135,-177,-67,-160,-101,-174,-88,-122,-76,-119,-30,-158,-66,-174,-59,-110,-43,-115,9,-150,-19,-167,-20,-107,-6,-109,49,-136,29,-151,19,-112,30,-111
A,0,0,-94,-43,-167,-125,-210,-191,-238,-250,-115,-220,-181,-251,-162,-178,-134,-155,-73,-225,-141,-247,-122,-158,-89,-155,-25,-220,-91,-233,-77,-149,-43,-148,26,-206,-34,-223,-36,-166,-6,-156
A,0,0,-95,-41,-171,-130,-213,-195,-240,-250,-120,-220,-175,-247,-153,-170,-129,-157,-68,-226,-126,-248,-110,-157,-82,-158,-14,-218,-67,-229,-58,-146,-31,-151,39,-202,-3,-212,-10,-159,11,-158
A,0,0,-84,-32,-158,-109,-197,-181,-207,-239,-121,-198,-148,-234,-122,-153,-110,-148,-60,-208,-90,-239,-76,-142,-65,-148,4,-204,-20,-233,-17,-142,-8,-145,63,-193,48,-217,38,-160,45,-161
A,0,0,-79,-28,-148,-102,-181,-172,-192,-227,-112,-189,-133,-222,-110,-146,-99,-140,-54,-194,-75,-227,-66,-135,-59,-141,5,-188,-10,-219,-12,-133,-8,-136,60,-178,52,-197,41,-144,45,-146
A,0,0,-71,-28,-133,-102,-163,-173,-170,-231,-101,-186,-112,-222,-94,-155,-86,-138,-44,-190,-54,-225,-49,-138,-46,-136,14,-184,10,-217,4,-135,4,-129,70,-169,71,-200,59,-146,55,-135
A,0,0,-66,-32,-123,-107,-154,-177,-146,-233,-90,-196,-96,-226,-80,-158,-75,-153,-34,-199,-42,-228,-39,-140,-37,-150,25,-191,23,-218,15,-139,13,-141,78,-175,83,-198,66,-149,59,-146
A,0,0,-63,-36,-113,-111,-144,-177,-167,-230,-78,-194,-103,-233,-85,-164,-72,-152,-24,-194,-50,-227,-45,-146,-33,-151,30,-182,12,-210,6,-137,18,-140,79,-167,66,-188,53,-143,62,-140
A,0,0,-60,-37,-110,-103,-128,-168,-109,-219,-68,-186,-91,-221,-83,-161,-71,-153,-20,-183,-46,-214,-47,-139,-37,-148,30,-172,12,-199,3,-130,14,-136,80,-156,68,-185,55,-142,64,-138
A,0,0,-57,-43,-102,-116,-137,-164,-175,-186,-54,-168,-84,-200,-74,-140,-62,-133,-15,-164,-44,-191,-43,-122,-30,-127,25,-152,2,-176,-5,-114,10,-117,63,-138,47,-159,35,-121,47,-118
A,0,0,-59,-43,-99,-114,-124,-162,-153,-187,-51,-161,-76,-192,-68,-133,-57,-126,-12,-157,-37,-185,-38,-121,-27,-121,27,-144,8,-170,0,-111,11,-109,64,-130,51,-152,38,-115,47,-110
A,0,0,-60,-44,-92,-118,-104,-176,-115,-214,-50,-166,-70,-201,-65,-139,-56,-127,-10,-161,-29,-190,-32,-121,-22,-123,32,-149,15,-174,7,-110,17,-112,74,-134,60,-160,47,-118,56,-111
A,0,0,-74,-48,-121,-140,-142,-214,-166,-262,-78,-206,-107,-237,-92,-162,-84,-156,-23,-205,-54,-234,-52,-148,-42,-150,32,-189,8,-216,1,-136,10,-136,83,-168,69,-193,55,-146,63,-144
A,0,0,-84,-51,-132,-147,-156,-218,-179,-271,-83,-226,-125,-248,-109,-171,-94,-168,-27,-226,-75,-243,-67,-156,-44,-163,29,-208,-8,-222,-14,-143,4,-149,78,-186,53,-196,39,-150,54,-155
A,0,0,-73,-48,-124,-141,-149,-213,-165,-263,-82,-214,-112,-244,-99,-170,-90,-161,-31,-216,-60,-241,-56,-155,-46,-159,23,-203,1,-222,-4,-143,5,-146,74,-184,58,-201,46,-152,55,-151
A,0,0,-72,-47,-120,-130,-142,-194,-153,-238,-79,-195,-106,-225,-91,-155,-82,-146,-31,-195,-60,-221,-54,-141,-42,-144,20,-182,-2,-203,-6,-129,5,-132,68,-165,51,-185,39,-139,49,-138
A,0,0,-69,-43,-112,-124,-131,-187,-143,-232,-64,-188,-97,-212,-84,-149,-72,-138,-21,-185,-53,-205,-49,-132,-35,-135,24,-171,-1,-188,-6,-121,9,-125,67,-153,49,-171,36,-129,47,-128
A,0,0,-66,-41,-110,-120,-130,-182,-143,-226,-64,-183,-93,-208,-78,-144,-67,-136,-19,-179,-51,-204,-46,-132,-33,-134,25,-166,3,-190,-3,-123,9,-124,66,-148,53,-168,39,-127,49,-125
A,0,0,-62,-37,-107,-107,-127,-162,-137,-204,-66,-170,-83,-208,-80,-150,-70,-121,-23,-170,-40,-218,-45,-146,-33,-120,22,-159,14,-205,2,-136,7,-110,69,-139,65,-176,45,-133,42,-114
A,0,0,-69,-42,-120,-120,-152,-175,-182,-211,-65,-183,-90,-224,-83,-159,-72,-141,-20,-179,-45,-216,-48,-140,-34,-133,24,-163,7,-193,-4,-125,9,-121,64,-143,53,-168,36,-125,44,-119
A,0,0,-69,-45,-119,-123,-153,-176,-180,-211,-58,-187,-95,-221,-85,-158,-71,-141,-14,-182,-50,-210,-50,-136,-33,-135,28,-165,4,-188,-7,-121,9,-120,66,-144,51,-164,33,-123,43,-117
A,0,0,-66,-39,-115,-113,-144,-166,-172,-204,-65,-180,-88,-217,-85,-159,-75,-127,-20,-180,-43,-222,-48,-151,-35,-127,26,-165,15,-208,0,-143,6,-121,70,-142,66,-174,44,-133,44,-117
A,0,0,-67,-47,-117,-125,-151,-178,-177,-216,-53,-193,-95,-224,-85,-161,-69,-148,-9,-185,-52,-213,-52,-141,-33,-139,33,-165,1,-185,-10,-119,10,-121,68,-142,47,-157,29,-117,43,-116
A,0,0,-71,-48,-121,-127,-155,-180,-186,-215,-61,-190,-99,-220,-87,-155,-72,-146,-15,-183,-55,-212,-55,-138,-35,-137,29,-163,-2,-185,-13,-118,7,-119,64,-141,42,-154,25,-115,40,-116
A,0,0,-68,-48,-118,-125,-153,-177,-181,-214,-57,-190,-98,-221,-87,-159,-71,-150,-11,-184,-53,-212,-52,-140,-33,-140,32,-166,1,-188,-9,-122,10,-121,70,-145,49,-158,31,-119,44,-118
A,0,0,-67,-48,-116,-124,-152,-176,-179,-213,-53,-191,-95,-221,-86,-160,-71,-148,-8,-186,-50,-211,-51,-141,-33,-138,36,-168,4,-185,-7,-121,10,-118,75,-145,53,-162,35,-124,47,-118
A,0,0,-72,-50,-121,-126,-154,-176,-178,-211,-59,-196,-102,-221,-90,-158,-74,-151,-12,-191,-58,-214,-55,-142,-34,-141,32,-172,-3,-188,-12,-121,7,-121,68,-148,44,-161,27,-122,41,-121
A,0,0,-71,-48,-118,-126,-145,-183,-167,-228,-58,-191,-94,-226,-88,-163,-74,-143,-15,-185,-53,-216,-56,-143,-38,-137,27,-167,-3,-193,-14,-126,3,-120,65,-144,44,-167,27,-128,39,-121
A,0,0,-67,-44,-114,-119,-141,-176,-163,-220,-57,-185,-93,-222,-85,-161,-72,-139,-15,-179,-52,-211,-53,-138,-36,-132,26,-162,-2,-189,-11,-121,6,-115,66,-141,45,-166,29,-124,41,-117
A,0,0,-68,-44,-114,-116,-141,-172,-163,-215,-56,-182,-93,-215,-85,-157,-70,-137,-14,-176,-52,-204,-52,-134,-34,-130,27,-160,-2,-185,-11,-120,6,-114,66,-138,46,-162,29,-123,40,-114
A,0,0,-70,-45,-115,-118,-140,-171,-163,-211,-57,-183,-96,-215,-88,-154,-73,-137,-15,-176,-55,-204,-56,-135,-38,-130,27,-159,-5,-183,-15,-119,4,-113,64,-137,42,-159,25,-121,38,-114
A,0,0,-71,-45,-119,-117,-145,-171,-167,-211,-60,-183,-100,-213,-90,-155,-74,-138,-17,-178,-58,-203,-57,-135,-39,-132,24,-162,-8,-185,-17,-120,2,-115,62,-141,39,-161,23,-121,36,-114
A,0,0,-71,-43,-119,-115,-147,-168,-170,-208,-61,-182,-101,-212,-89,-152,-75,-135,-18,-176,-58,-203,-57,-133,-39,-129,25,-160,-7,-185,-16,-118,2,-113,63,-139,40,-160,23,-120,36,-113
A,0,0,-70,-45,-118,-115,-147,-167,-169,-207,-57,-183,-101,-211,-90,-152,-73,-134,-15,-177,-59,-202,-57,-133,-37,-129,26,-161,-8,-185,-16,-120,2,-114,64,-139,42,-160,24,-120,36,-113
A,0,0,-72,-47,-120,-118,-151,-171,-174,-211,-57,-186,-103,-214,-90,-155,-73,-141,-14,-181,-61,-204,-57,-137,-36,-134,27,-165,-9,-186,-17,-122,3,-118,64,-142,39,-161,23,-122,37,-116
A,0,0,-69,-47,-117,-118,-146,-170,-169,-210,-52,-185,-99,-215,-88,-156,-71,-141,-10,-179,-58,-202,-55,-135,-35,-133,30,-162,-6,-184,-14,-120,6,-117,67,-140,43,-160,26,-121,39,-115
A,0,0,-70,-47,-118,-118,-149,-170,-171,-209,-52,-185,-102,-215,-91,-157,-73,-143,-11,-178,-62,-201,-58,-134,-36,-133,29,-161,-9,-183,-17,-120,4,-116,66,-138,41,-160,24,-120,37,-113
A,0,0,-71,-48,-119,-120,-148,-173,-170,-213,-54,-189,-99,-219,-90,-159,-73,-142,-13,-181,-57,-205,-58,-137,-38,-134,29,-163,-6,-187,-16,-122,3,-117,67,-139,44,-160,25,-123,37,-116
A,0,0,-72,-47,-121,-121,-154,-175,-179,-216,-55,-190,-104,-219,-93,-160,-76,-144,-13,-183,-61,-206,-60,-137,-39,-136,29,-165,-9,-186,-19,-121,2,-118,66,-141,41,-159,23,-121,36,-116
A,0,0,-71,-50,-121,-125,-154,-179,-179,-220,-52,-194,-103,-222,-92,-163,-74,-147,-10,-187,-61,-207,-59,-139,-37,-138,31,-168,-9,-188,-18,-123,4,-120,68,-144,40,-161,22,-122,37,-117
A,0,0,-71,-51,-120,-126,-151,-180,-175,-220,-51,-193,-102,-223,-91,-162,-72,-148,-9,-185,-60,-209,-58,-140,-36,-137,33,-166,-8,-188,-18,-123,4,-119,70,-142,42,-163,24,-124,38,-117
A,0,0,-73,-52,-123,-128,-155,-182,-180,-222,-56,-195,-104,-226,-93,-165,-76,-149,-13,-189,-62,-214,-60,-145,-40,-141,29,-171,-10,-194,-19,-127,2,-122,67,-147,38,-164,21,-125,36,-119
A,0,0,-74,-51,-125,-128,-159,-182,-185,-224,-58,-200,-110,-227,-97,-165,-78,-151,-14,-194,-67,-215,-63,-144,-41,-142,29,-176,-14,-194,-21,-127,1,-123,67,-150,36,-166,19,-126,34,-120
A,0,0,-77,-50,-130,-126,-165,-179,-191,-218,-64,-199,-115,-224,-101,-163,-83,-150,-18,-195,-71,-213,-67,-143,-46,-141,27,-177,-13,-191,-21,-124,-2,-122,68,-152,40,-165,23,-126,37,-122
A,0,0,-73,-46,-126,-120,-160,-176,-185,-218,-67,-193,-106,-224,-95,-162,-78,-149,-19,-187,-57,-212,-55,-140,-36,-140,28,-172,-1,-191,-10,-123,7,-123,72,-150,55,-172,38,-131,48,-125
A,0,0,-77,-40,-135,-112,-173,-167,-201,-210,-81,-190,-124,-226,-111,-165,-93,-143,-35,-188,-76,-217,-71,-142,-52,-137,12,-175,-20,-198,-25,-127,-5,-123,58,-156,33,-177,20,-132,34,-126
A,0,0,-59,-51,-100,-133,-125,-193,-147,-239,-33,-191,-55,-232,-58,-173,-49,-149,12,-178,-9,-216,-26,-144,-15,-133,53,-155,39,-185,14,-118,24,-108,93,-127,85,-156,57,-115,59,-102
A,0,0,-52,-51,-88,-121,-110,-172,-122,-214,-19,-187,-49,-219,-61,-170,-56,-143,22,-174,-5,-200,-26,-136,-18,-119,62,-151,41,-168,17,-109,25,-96,101,-121,90,-143,64,-107,64,-96
A,0,0,-58,-57,-100,-130,-134,-181,-167,-221,-13,-207,-71,-217,-77,-168,-63,-149,29,-197,-31,-193,-44,-131,-29,-120,67,-171,14,-157,0,-102,17,-98,101,-137,63,-132,45,-97,57,-94
A,0,0,-71,-57,-115,-128,-150,-180,-186,-218,-28,-201,-92,-214,-91,-159,-70,-147,15,-190,-56,-186,-59,-125,-33,-122,52,-164,-8,-155,-18,-100,6,-99,86,-131,43,-127,26,-94,44,-91
A,0,0,-71,-56,-118,-131,-157,-184,-192,-224,-33,-209,-98,-229,-95,-171,-76,-155,10,-201,-58,-199,-60,-133,-38,-131,48,-174,-7,-166,-19,-107,2,-107,81,-140,42,-136,23,-101,38,-100
A,0,0,-69,-57,-115,-133,-152,-187,-186,-225,-29,-205,-90,-228,-86,-173,-67,-161,13,-197,-49,-198,-52,-134,-30,-136,51,-171,2,-166,-10,-108,13,-113,84,-139,50,-136,32,-100,48,-99
A,0,0,-66,-59,-112,-133,-148,-188,-179,-230,-24,-208,-86,-228,-83,-173,-62,-162,20,-200,-45,-200,-49,-137,-26,-139,59,-174,6,-165,-7,-109,15,-114,94,-141,56,-136,36,-101,51,-100
A,0,0,-67,-61,-112,-136,-146,-189,-177,-228,-21,-215,-85,-227,-82,-174,-63,-162,23,-206,-41,-201,-46,-139,-25,-137,64,-179,8,-164,-4,-109,17,-111,99,-145,58,-137,41,-104,56,-103
A,0,0,-45,-20,-75,-61,-92,-95,-113,-113,-45,-94,-62,-119,-64,-90,-59,-69,-19,-96,-35,-124,-39,-85,-31,-70,9,-92,-6,-119,-11,-80,-3,-66,38,-83,26,-107,16,-81,19,-68
A,0,0,-43,-21,-72,-60,-88,-93,-108,-113,-41,-92,-58,-117,-61,-89,-56,-68,-16,-93,-30,-121,-34,-83,-27,-68,12,-88,-2,-117,-7,-80,0,-66,41,-79,30,-106,20,-82,23,-68
A,0,0,-44,-18,-74,-58,-89,-92,-109,-113,-45,-94,-61,-117,-63,-89,-58,-67,-18,-94,-32,-122,-35,-82,-28,-66,11,-89,-1,-117,-7,-78,0,-64,42,-79,31,-105,21,-79,24,-66
A,0,0,-46,-18,-79,-62,-96,-99,-120,-118,-49,-100,-66,-123,-66,-90,-59,-72,-21,-101,-36,-128,-38,-84,-29,-74,10,-97,-4,-124,-9,-82,-1,-74,42,-90,31,-113,21,-85,25,-75
A,0,0,-49,-18,-84,-61,-102,-99,-127,-118,-52,-100,-69,-125,-69,-92,-62,-72,-23,-102,-39,-130,-41,-86,-32,-76,7,-98,-7,-126,-11,-85,-2,-77,39,-91,28,-114,19,-87,23,-78
A,0,0,-50,-19,-85,-66,-106,-104,-132,-120,-56,-108,-73,-134,-75,-98,-69,-75,-25,-110,-40,-140,-42,-91,-33,-79,10,-105,-4,-136,-10,-90,-2,-79,45,-96,35,-123,24,-93,27,-81
A,0,0,-52,-21,-87,-72,-107,-113,-135,-129,-52,-114,-68,-141,-71,-103,-66,-80,-20,-114,-34,-147,-39,-96,-30,-85,15,-109,3,-141,-6,-93,1,-82,52,-99,40,-126,28,-95,32,-84
A,0,0,-54,-25,-89,-80,-107,-126,-135,-146,-50,-122,-67,-155,-71,-116,-66,-90,-16,-122,-31,-159,-38,-106,-28,-90,21,-115,8,-152,-4,-101,4,-85,59,-104,48,-137,33,-102,36,-86
A,0,0,-61,-28,-101,-91,-123,-139,-153,-155,-54,-136,-71,-171,-81,-130,-80,-97,-17,-137,-32,-180,-44,-124,-36,-100,23,-130,9,-170,-4,-115,4,-95,65,-118,52,-150,36,-115,42,-101
A,0,0,-75,-24,-125,-91,-150,-149,-180,-173,-83,-148,-104,-189,-108,-139,-101,-102,-34,-151,-49,-202,-60,-126,-50,-99,15,-142,3,-185,-12,-116,-5,-95,65,-123,49,-159,32,-114,37,-95
A,0,0,-74,-33,-126,-104,-151,-164,-179,-191,-71,-164,-97,-210,-104,-156,-95,-127,-25,-165,-50,-219,-62,-143,-45,-125,25,-158,0,-209,-14,-134,1,-117,78,-143,54,-186,37,-138,47,-120
A,0,0,-71,-30,-124,-98,-148,-154,-176,-181,-68,-156,-94,-199,-103,-151,-99,-121,-25,-160,-52,-207,-62,-141,-46,-119,22,-153,1,-201,-12,-137,1,-118,74,-140,56,-181,39,-141,46,-124
A,0,0,-70,-32,-118,-98,-140,-149,-168,-183,-68,-163,-99,-202,-114,-159,-112,-120,-29,-167,-58,-218,-74,-154,-64,-121,17,-163,-8,-214,-23,-146,-12,-115,69,-150,45,-196,26,-151,31,-125
A,0,0,-73,-34,-122,-102,-144,-154,-171,-186,-70,-165,-101,-207,-115,-165,-113,-124,-29,-169,-59,-222,-74,-158,-63,-122,19,-165,-10,-217,-22,-149,-10,-118,72,-153,45,-198,28,-154,36,-129
A,0,0,-59,-29,-98,-83,-115,-127,-135,-155,-55,-131,-78,-165,-89,-135,-87,-108,-21,-135,-41,-177,-55,-127,-48,-101,17,-131,-1,-175,-15,-121,-8,-94,60,-119,43,-158,26,-122,28,-99
A,0,0,-49,-22,-85,-69,-103,-106,-125,-128,-54,-116,-74,-142,-81,-110,-77,-85,-24,-118,-42,-150,-50,-103,-43,-84,10,-114,-6,-146,-15,-99,-8,-81,47,-104,33,-134,20,-102,22,-86
A,0,0,-47,-22,-77,-65,-92,-99,-111,-119,-46,-103,-60,-130,-65,-99,-63,-77,-19,-105,-32,-137,-40,-96,-34,-78,10,-101,-1,-132,-10,-91,-4,-76,42,-93,32,-120,20,-93,22,-80
A,0,0,-45,-22,-75,-64,-88,-98,-108,-116,-45,-101,-59,-125,-64,-98,-61,-76,-19,-103,-31,-131,-36,-91,-29,-73,10,-99,-1,-128,-8,-88,-1,-72,41,-89,30,-116,20,-89,22,-74
A,0,0,-38,-17,-64,-53,-77,-83,-93,-100,-37,-89,-51,-109,-55,-81,-51,-62,-14,-89,-26,-114,-32,-77,-26,-62,13,-84,1,-109,-6,-73,0,-60,40,-75,31,-97,21,-74,23,-63
A,0,0,-37,-17,-62,-54,-74,-84,-90,-101,-35,-88,-50,-109,-54,-82,-51,-65,-13,-89,-26,-112,-32,-76,-25,-63,12,-83,-1,-107,-8,-73,-1,-62,38,-72,26,-94,16,-72,20,-60
A,0,0,-35,-15,-58,-50,-70,-77,-85,-94,-33,-85,-50,-101,-54,-74,-51,-57,-12,-85,-27,-103,-32,-68,-25,-57,11,-80,-4,-99,-10,-67,-2,-57,35,-70,22,-87,14,-66,18,-57
A,0,0,-36,-17,-59,-50,-73,-74,-90,-91,-35,-88,-58,-97,-60,-69,-54,-53,-15,-88,-37,-100,-39,-65,-30,-54,7,-82,-13,-94,-17,-62,-8,-54,29,-70,10,-81,4,-60,11,-53
A,0,0,-38,-7,-69,-34,-87,-59,-108,-68,-51,-70,-63,-84,-57,-58,-51,-44,-28,-76,-38,-92,-35,-60,-30,-52,-4,-76,-12,-92,-11,-62,-7,-56,22,-73,16,-89,13,-68,15,-61
A,0,0,-36,-11,-64,-42,-81,-68,-103,-80,-44,-75,-57,-92,-56,-63,-49,-46,-21,-78,-33,-98,-33,-62,-26,-52,4,-77,-6,-98,-9,-64,-4,-55,30,-72,22,-92,15,-69,16,-61
A,0,0,-36,-13,-63,-47,-78,-74,-96,-88,-44,-76,-49,-97,-46,-69,-43,-55,-19,-78,-22,-99,-22,-67,-21,-60,7,-75,6,-96,3,-66,3,-60,32,-69,33,-88,27,-67,25,-59
A,0,0,-38,-16,-62,-57,-71,-90,-89,-104,-34,-85,-35,-105,-34,-76,-31,-68,-6,-84,-6,-105,-10,-70,-9,-66,20,-78,21,-97,14,-65,13,-62,44,-68,47,-85,39,-62,36,-55
A,0,0,-35,-17,-54,-63,-63,-99,-85,-113,-28,-90,-27,-113,-27,-80,-27,-70,-1,-88,5,-111,-2,-73,-6,-70,25,-80,32,-99,22,-67,17,-65,50,-69,58,-87,49,-65,43,-59
A,0,0,-34,-20,-53,-64,-64,-99,-84,-118,-30,-93,-29,-116,-28,-83,-26,-63,-1,-92,2,-118,-4,-78,-4,-64,28,-83,33,-106,23,-72,19,-61,53,-71,60,-92,49,-71,43,-62
A,0,0,-37,-19,-59,-63,-71,-100,-93,-120,-36,-95,-39,-118,-36,-86,-33,-66,-5,-95,-5,-122,-10,-81,-10,-70,24,-88,27,-112,18,-77,15,-68,51,-76,56,-97,45,-75,40,-67
A,0,0,-39,-22,-65,-67,-81,-106,-104,-124,-42,-101,-43,-127,-43,-93,-42,-72,-10,-101,-11,-131,-16,-88,-16,-73,21,-94,24,-121,15,-84,12,-72,50,-82,55,-108,44,-83,37,-73
A,0,0,-45,-20,-75,-68,-94,-108,-121,-124,-51,-104,-57,-134,-53,-98,-49,-74,-16,-107,-20,-142,-21,-94,-18,-74,20,-103,16,-136,10,-91,9,-72,55,-94,52,-124,42,-94,38,-78
A,0,0,-54,-24,-89,-74,-110,-118,-141,-134,-56,-113,-67,-144,-66,-109,-61,-84,-20,-118,-31,-155,-34,-106,-27,-88,18,-115,11,-153,2,-105,6,-87,56,-106,50,-139,37,-107,36,-91
A,0,0,-58,-28,-95,-81,-116,-126,-148,-145,-58,-126,-70,-161,-71,-127,-67,-97,-20,-131,-30,-175,-36,-123,-29,-97,21,-127,14,-170,3,-118,5,-93,62,-115,54,-151,41,-118,41,-100
A,0,0,-63,-33,-102,-88,-122,-135,-153,-156,-53,-132,-68,-170,-76,-135,-74,-103,-16,-137,-29,-186,-39,-134,-32,-106,25,-134,13,-180,2,-128,8,-104,68,-123,59,-165,43,-131,45,-111
A,0,0,-65,-31,-106,-87,-126,-135,-155,-156,-58,-134,-73,-173,-81,-140,-80,-106,-21,-141,-34,-191,-44,-140,-38,-110,21,-139,10,-185,0,-131,5,-104,67,-128,58,-170,43,-136,44,-115
A,0,0,-60,-24,-100,-76,-114,-118,-130,-146,-53,-123,-66,-161,-78,-128,-82,-95,-17,-130,-32,-174,-48,-127,-47,-96,22,-129,10,-169,-4,-121,0,-96,65,-119,57,-156,42,-126,44,-108
A,0,0,-57,-25,-92,-76,-108,-119,-130,-143,-49,-121,-63,-156,-72,-121,-71,-91,-18,-125,-32,-168,-42,-120,-38,-91,18,-123,5,-168,-6,-117,-2,-90,58,-115,49,-156,33,-123,34,-100
A,0,0,-52,-27,-88,-73,-106,-111,-125,-139,-48,-116,-67,-149,-73,-115,-69,-87,-18,-119,-35,-157,-45,-111,-39,-88,17,-116,1,-155,-10,-108,-4,-86,54,-107,42,-142,28,-112,30,-93
A,0,0,-47,-25,-81,-66,-98,-101,-115,-126,-42,-108,-59,-139,-66,-109,-64,-82,-15,-111,-31,-148,-40,-106,-34,-84,16,-108,3,-146,-7,-102,-2,-81,51,-99,41,-133,27,-105,28,-87
A,0,0,-44,-19,-73,-59,-88,-92,-107,-113,-44,-98,-58,-123,-64,-95,-62,-72,-18,-101,-33,-131,-40,-90,-33,-71,11,-97,-1,-128,-9,-87,-4,-68,44,-88,34,-118,22,-92,24,-76
A,0,0,-42,-18,-70,-59,-83,-91,-102,-109,-42,-95,-57,-118,-63,-89,-61,-66,-17,-97,-31,-126,-38,-88,-33,-68,11,-92,-1,-120,-8,-82,-3,-64,42,-83,32,-110,22,-85,24,-70
A,0,0,-41,-18,-67,-57,-79,-88,-98,-105,-40,-91,-54,-114,-60,-86,-59,-65,-15,-92,-28,-119,-35,-81,-30,-63,13,-87,1,-114,-6,-77,1,-61,43,-78,33,-103,23,-79,26,-66
A,0,0,-39,-19,-64,-57,-76,-87,-94,-104,-39,-89,-53,-111,-57,-83,-54,-62,-14,-89,-26,-115,-33,-78,-27,-62,14,-84,3,-109,-4,-74,2,-61,43,-74,35,-99,25,-76,27,-65
A,0,0,-37,-17,-63,-58,-75,-92,-94,-111,-36,-90,-49,-110,-51,-77,-45,-57,-10,-88,-21,-114,-26,-72,-19,-57,18,-80,9,-104,0,-66,5,-53,45,-67,39,-90,27,-64,27,-52
A,0,0,-39,-19,-64,-60,-76,-93,-94,-111,-35,-89,-47,-110,-50,-77,-44,-60,-9,-86,-22,-112,-28,-71,-19,-59,18,-79,8,-103,0,-65,6,-54,45,-68,39,-88,28,-63,30,-53
A,0,0,-42,-20,-70,-61,-84,-95,-103,-114,-40,-94,-54,-113,-52,-78,-46,-64,-12,-92,-26,-112,-28,-71,-20,-64,16,-84,4,-103,-1,-65,7,-61,43,-73,34,-86,26,-62,32,-58
A,0,0,-38,-23,-65,-65,-81,-98,-100,-116,-34,-100,-49,-116,-48,-82,-40,-73,-6,-97,-19,-116,-24,-74,-16,-71,22,-88,11,-106,4,-69,12,-67,48,-77,41,-91,32,-67,37,-64
A,0,0,-37,-21,-61,-65,-75,-100,-95,-118,-35,-98,-43,-116,-45,-82,-40,-69,-7,-95,-13,-117,-20,-76,-15,-70,22,-87,19,-107,9,-72,12,-67,50,-76,49,-94,38,-70,39,-64
A,0,0,-36,-23,-62,-62,-78,-93,-96,-115,-35,-99,-45,-119,-47,-86,-43,-69,-6,-96,-14,-120,-21,-77,-15,-70,24,-89,18,-111,9,-73,12,-67,52,-78,50,-98,39,-74,40,-67
A,0,0,-38,-20,-66,-62,-83,-97,-105,-116,-41,-97,-50,-121,-49,-85,-45,-66,-12,-97,-19,-124,-23,-80,-19,-70,19,-90,14,-115,7,-77,9,-69,48,-79,46,-101,36,-76,37,-68
A,0,0,-41,-20,-70,-62,-88,-98,-112,-116,-47,-97,-56,-121,-55,-88,-50,-70,-17,-98,-25,-125,-28,-83,-22,-74,14,-92,9,-118,2,-80,5,-73,45,-83,42,-107,32,-82,33,-73
A,0,0,-43,-18,-74,-62,-91,-99,-115,-117,-51,-95,-62,-122,-60,-89,-55,-67,-19,-98,-28,-128,-30,-85,-25,-70,13,-94,8,-123,1,-83,3,-69,46,-85,43,-111,33,-85,31,-74
A,0,0,-50,-23,-82,-68,-99,-107,-125,-125,-51,-109,-63,-136,-67,-104,-63,-81,-19,-113,-31,-148,-36,-102,-28,-85,16,-110,7,-143,-1,-99,4,-83,53,-101,46,-131,34,-102,34,-87
A,0,0,-49,-26,-80,-74,-97,-113,-124,-132,-44,-115,-57,-144,-64,-113,-61,-88,-12,-119,-25,-156,-33,-111,-26,-90,23,-115,15,-151,4,-106,7,-86,60,-103,56,-137,40,-108,37,-91
A,0,0,-52,-26,-83,-77,-99,-118,-124,-138,-44,-119,-58,-148,-65,-117,-64,-90,-11,-122,-25,-162,-35,-116,-28,-93,25,-118,15,-155,2,-108,7,-87,64,-107,57,-142,41,-112,40,-94
A,0,0,-55,-29,-89,-86,-105,-131,-132,-150,-44,-131,-57,-162,-65,-129,-65,-99,-11,-134,-23,-177,-36,-130,-30,-103,27,-129,16,-169,2,-121,7,-96,67,-117,59,-156,42,-124,43,-103
A,0,0,-59,-28,-91,-82,-106,-126,-132,-147,-49,-124,-62,-159,-72,-128,-73,-96,-14,-128,-27,-174,-39,-127,-35,-98,25,-124,15,-168,1,-119,4,-92,67,-113,61,-153,44,-122,42,-101
A,0,0,-56,-33,-90,-88,-107,-132,-133,-155,-45,-135,-61,-165,-73,-131,-75,-101,-9,-137,-26,-180,-41,-127,-34,-101,31,-131,17,-172,2,-120,8,-98,75,-117,66,-158,47,-125,48,-106
A,0,0,-59,-31,-94,-87,-111,-133,-136,-157,-46,-134,-61,-169,-73,-131,-73,-101,-11,-137,-26,-182,-41,-128,-34,-104,29,-132,17,-176,0,-122,6,-100,73,-120,64,-160,44,-126,44,-106
A,0,0,-60,-31,-95,-88,-108,-136,-130,-164,-47,-138,-64,-170,-79,-133,-81,-102,-11,-140,-28,-183,-46,-129,-42,-101,30,-133,17,-176,-1,-121,5,-96,75,-117,63,-157,44,-121,45,-99
A,0,0,-56,-24,-92,-85,-109,-133,-135,-160,-55,-140,-78,-169,-86,-123,-82,-92,-16,-140,-35,-178,-47,-118,-39,-93,26,-131,13,-170,-2,-112,3,-90,71,-115,61,-150,43,-112,43,-93
A,0,0,-57,-29,-92,-89,-109,-137,-137,-166,-54,-140,-78,-173,-86,-126,-83,-95,-16,-139,-36,-178,-46,-118,-36,-95,27,-129,11,-169,-2,-112,6,-93,72,-112,61,-151,42,-115,42,-95
A,0,0,-55,-27,-88,-88,-102,-137,-130,-165,-50,-137,-71,-169,-80,-121,-77,-88,-11,-134,-30,-173,-42,-112,-32,-88,32,-122,19,-162,3,-104,9,-83,78,-103,69,-141,49,-104,48,-85
A,0,0,-54,-29,-90,-92,-109,-140,-135,-167,-51,-143,-77,-170,-86,-121,-80,-91,-12,-139,-35,-173,-47,-111,-34,-91,31,-126,14,-162,-1,-106,9,-93,76,-108,67,-141,47,-106,49,-92
A,0,0,-54,-29,-90,-92,-110,-139,-137,-165,-49,-143,-77,-167,-84,-117,-78,-87,-10,-140,-36,-170,-47,-107,-34,-88,31,-127,12,-158,-2,-103,8,-89,73,-109,60,-137,43,-102,48,-89
A,0,0,-52,-25,-87,-85,-106,-131,-133,-156,-50,-135,-77,-155,-83,-107,-76,-81,-12,-132,-37,-158,-46,-100,-33,-86,27,-120,9,-147,-4,-96,6,-87,66,-104,56,-130,40,-97,43,-87
A,0,0,-51,-27,-84,-82,-103,-123,-128,-147,-50,-130,-77,-149,-81,-104,-76,-79,-16,-128,-42,-150,-48,-97,-36,-83,20,-117,0,-142,-10,-95,1,-86,56,-102,43,-126,29,-97,35,-87
A,0,0,-49,-25,-80,-77,-98,-116,-121,-139,-47,-121,-71,-140,-76,-100,-73,-77,-14,-119,-39,-142,-45,-93,-34,-81,20,-109,2,-135,-8,-92,2,-83,54,-94,42,-119,28,-91,32,-81
A,0,0,-47,-26,-77,-76,-92,-114,-113,-135,-43,-112,-60,-135,-60,-95,-53,-76,-12,-110,-29,-135,-33,-89,-23,-78,20,-102,5,-128,-1,-85,8,-75,51,-88,41,-112,30,-83,34,-71
A,0,0,-47,-28,-75,-75,-91,-112,-112,-134,-38,-114,-57,-134,-57,-93,-49,-78,-7,-110,-25,-132,-31,-84,-21,-77,23,-100,9,-123,-1,-80,9,-74,54,-86,44,-107,31,-80,37,-72
A,0,0,-44,-27,-72,-75,-89,-110,-109,-130,-38,-114,-58,-128,-57,-90,-48,-84,-7,-110,-25,-129,-29,-83,-18,-83,24,-100,10,-120,2,-78,12,-78,55,-88,45,-104,34,-78,41,-75
A,0,0,-44,-23,-74,-71,-90,-109,-113,-129,-42,-111,-59,-131,-60,-92,-53,-79,-12,-108,-26,-132,-30,-85,-21,-82,21,-100,10,-125,1,-82,10,-79,52,-89,45,-110,34,-83,38,-78
A,0,0,-46,-23,-78,-73,-95,-111,-119,-129,-45,-112,-61,-131,-58,-91,-51,-84,-13,-111,-27,-133,-30,-84,-22,-85,19,-104,8,-126,1,-83,11,-82,51,-94,43,-111,33,-84,39,-80
A,0,0,-44,-21,-75,-70,-92,-108,-118,-128,-46,-110,-61,-130,-62,-90,-57,-71,-14,-109,-26,-133,-31,-84,-23,-76,20,-103,11,-127,2,-82,9,-76,54,-93,48,-113,37,-85,40,-78
A,0,0,-45,-23,-75,-72,-92,-112,-117,-132,-44,-114,-59,-133,-60,-93,-55,-74,-11,-113,-24,-135,-29,-86,-21,-79,24,-105,14,-128,4,-85,11,-79,56,-93,51,-113,38,-85,41,-79
A,0,0,-46,-22,-77,-73,-95,-113,-121,-133,-48,-116,-63,-136,-62,-94,-56,-76,-13,-115,-26,-138,-30,-87,-22,-82,22,-108,13,-131,4,-85,10,-81,55,-97,51,-116,39,-87,41,-81
A,0,0,-46,-20,-81,-74,-100,-115,-125,-138,-52,-114,-65,-140,-64,-97,-57,-74,-17,-115,-30,-145,-33,-92,-24,-78,19,-109,11,-137,3,-90,10,-79,56,-98,50,-122,40,-92,43,-84
A,0,0,-51,-20,-85,-72,-103,-115,-129,-137,-55,-115,-71,-140,-69,-98,-60,-79,-19,-114,-34,-144,-37,-92,-26,-83,18,-108,7,-137,-1,-90,7,-82,55,-98,48,-124,35,-92,38,-82
A,0,0,-52,-24,-86,-76,-103,-120,-130,-142,-54,-118,-71,-146,-71,-105,-63,-82,-18,-118,-34,-151,-38,-99,-28,-85,19,-112,7,-146,-1,-98,6,-86,56,-101,49,-131,35,-100,38,-87
A,0,0,-52,-24,-87,-78,-105,-123,-132,-144,-54,-120,-69,-149,-70,-110,-65,-85,-18,-121,-31,-155,-37,-103,-29,-87,20,-116,10,-150,0,-100,4,-84,58,-104,52,-136,37,-104,36,-88
A,0,0,-52,-25,-87,-80,-105,-126,-132,-149,-55,-126,-70,-155,-73,-114,-67,-87,-18,-128,-32,-164,-38,-110,-30,-91,21,-123,11,-157,0,-105,4,-88,61,-111,55,-145,39,-109,37,-92
A,0,0,-53,-26,-89,-78,-110,-122,-137,-145,-57,-122,-72,-154,-76,-115,-71,-89,-21,-125,-35,-164,-41,-112,-31,-94,19,-121,9,-158,-1,-108,5,-92,60,-110,53,-145,38,-112,38,-96
A,0,0,-57,-24,-94,-76,-113,-118,-140,-137,-57,-116,-74,-151,-77,-116,-72,-89,-22,-121,-37,-159,-42,-113,-35,-92,16,-119,4,-158,-5,-111,1,-91,56,-111,48,-147,35,-117,36,-100
A,0,0,-56,-26,-93,-77,-112,-118,-138,-139,-53,-120,-72,-152,-80,-117,-79,-89,-20,-122,-39,-161,-48,-111,-41,-86,18,-118,1,-157,-9,-104,-2,-78,59,-108,45,-145,31,-111,34,-89
A,0,0,-52,-28,-87,-82,-104,-124,-129,-148,-43,-130,-68,-155,-75,-109,-69,-82,-7,-126,-29,-156,-40,-99,-29,-83,30,-116,12,-149,-2,-95,9,-79,69,-101,56,-133,39,-99,42,-83
A,0,0,-50,-31,-84,-83,-102,-124,-123,-151,-34,-134,-62,-155,-70,-107,-62,-82,3,-128,-22,-153,-36,-96,-25,-84,39,-116,20,-143,3,-91,13,-79,76,-98,65,-128,44,-95,47,-81
A,0,0,-53,-23,-90,-71,-113,-101,-135,-120,-33,-142,-69,-115,-72,-66,-62,-49,13,-139,-27,-104,-39,-53,-29,-47,52,-118,18,-87,-1,-42,7,-38,86,-91,63,-72,40,-42,40,-38
A,0,0,-56,-25,-90,-85,-108,-124,-132,-143,-33,-154,-67,-140,-69,-91,-56,-77,11,-150,-23,-137,-36,-81,-23,-75,49,-129,23,-123,1,-72,11,-67,83,-103,66,-104,42,-71,43,-65
A,0,0,-58,-30,-95,-87,-116,-128,-139,-151,-45,-155,-75,-153,-73,-100,-61,-87,-2,-150,-30,-149,-39,-90,-26,-89,39,-132,17,-135,-1,-83,11,-83,73,-109,60,-116,39,-83,45,-80
A,0,0,-54,-28,-89,-83,-109,-126,-134,-151,-41,-145,-67,-155,-68,-102,-58,-84,1,-140,-25,-154,-34,-94,-22,-87,40,-125,21,-141,4,-88,15,-83,76,-105,65,-124,45,-89,49,-81
A,0,0,-53,-23,-87,-76,-104,-118,-131,-136,-51,-122,-71,-150,-74,-112,-68,-87,-17,-122,-34,-155,-41,-104,-32,-88,20,-117,5,-151,-5,-99,2,-81,60,-107,48,-139,34,-105,36,-88
A,0,0,-53,-23,-88,-75,-107,-116,-132,-133,-52,-120,-73,-148,-75,-111,-70,-87,-18,-121,-37,-153,-43,-104,-34,-89,18,-117,2,-151,-7,-100,0,-82,57,-107,45,-140,31,-105,34,-88
A,0,0,-53,-22,-89,-72,-107,-112,-133,-131,-54,-115,-72,-145,-74,-112,-70,-87,-21,-119,-39,-152,-43,-107,-35,-90,15,-116,-1,-150,-8,-101,0,-84,54,-107,41,-138,30,-106,35,-91
A,0,0,-55,-19,-92,-64,-113,-101,-137,-112,-53,-106,-72,-133,-80,-107,-78,-87,-26,-111,-46,-146,-53,-104,-43,-87,7,-111,-13,-143,-19,-98,-7,-81,43,-104,27,-132,18,-103,25,-89
A,0,0,-54,-19,-90,-64,-110,-100,-136,-111,-51,-104,-69,-134,-79,-111,-80,-87,-23,-109,-43,-146,-52,-108,-46,-87,9,-109,-10,-144,-17,-100,-8,-79,45,-102,31,-131,19,-103,23,-87
A,0,0,-46,-21,-75,-62,-89,-93,-108,-107,-39,-95,-53,-121,-64,-98,-66,-76,-15,-98,-28,-129,-38,-95,-34,-76,12,-95,-1,-123,-9,-86,-2,-68,42,-86,30,-112,20,-88,25,-75
A,0,0,-45,-21,-72,-62,-86,-94,-105,-109,-39,-94,-53,-118,-61,-94,-62,-70,-14,-96,-27,-125,-36,-91,-32,-72,14,-92,2,-120,-6,-82,-1,-62,44,-83,34,-110,23,-84,26,-67
A,0,0,-43,-22,-69,-64,-83,-96,-102,-111,-35,-96,-49,-121,-57,-93,-57,-71,-9,-96,-21,-125,-31,-88,-26,-71,19,-90,7,-119,-2,-80,3,-62,48,-80,38,-108,27,-83,29,-67
A,0,0,-42,-23,-67,-64,-81,-98,-98,-113,-33,-96,-46,-121,-53,-92,-52,-71,-8,-96,-20,-125,-29,-88,-23,-73,20,-90,8,-120,-1,-81,4,-64,49,-79,40,-107,28,-81,30,-65
A,0,0,-41,-24,-65,-69,-80,-103,-102,-116,-34,-100,-47,-123,-52,-91,-49,-71,-8,-97,-19,-125,-28,-85,-22,-71,20,-90,9,-117,-1,-78,4,-64,49,-78,41,-105,29,-80,31,-67
A,0,0,-40,-24,-64,-64,-78,-96,-99,-113,-34,-96,-46,-121,-52,-90,-48,-72,-8,-94,-19,-123,-28,-83,-22,-71,19,-87,10,-114,-1,-76,4,-64,48,-75,40,-101,28,-78,29,-65
A,0,0,-39,-24,-62,-66,-74,-99,-93,-116,-31,-98,-46,-122,-53,-91,-50,-71,-5,-95,-18,-122,-28,-81,-20,-69,22,-87,9,-112,-1,-74,7,-63,51,-74,40,-98,27,-73,32,-62
A,0,0,-39,-23,-62,-66,-75,-98,-95,-115,-32,-99,-46,-121,-52,-88,-48,-70,-6,-96,-18,-120,-27,-79,-19,-69,22,-87,11,-110,0,-72,8,-64,50,-74,42,-95,30,-72,33,-64
A,0,0,-40,-23,-64,-68,-76,-100,-95,-119,-32,-102,-51,-124,-56,-91,-50,-74,-7,-101,-26,-124,-33,-82,-22,-70,20,-92,2,-115,-6,-75,5,-65,48,-80,33,-99,22,-75,28,-66
A,0,0,-42,-26,-67,-71,-80,-104,-98,-124,-36,-109,-55,-131,-58,-96,-53,-79,-10,-108,-30,-132,-36,-90,-26,-78,17,-99,-2,-122,-9,-82,0,-71,45,-87,29,-107,18,-82,25,-73
A,0,0,-44,-25,-69,-66,-81,-98,-98,-121,-37,-106,-55,-128,-60,-97,-56,-78,-12,-105,-31,-132,-38,-91,-30,-75,15,-98,-2,-123,-11,-82,-2,-68,44,-86,29,-110,18,-84,23,-72
A,0,0,-41,-24,-67,-65,-79,-95,-95,-119,-35,-103,-53,-125,-62,-99,-60,-80,-10,-103,-28,-131,-38,-92,-30,-76,17,-97,0,-124,-9,-84,0,-70,47,-86,32,-112,20,-87,24,-74
A,0,0,-42,-26,-67,-67,-79,-98,-96,-118,-34,-102,-50,-125,-60,-97,-60,-76,-10,-102,-25,-132,-37,-94,-33,-75,17,-97,4,-125,-7,-86,-1,-69,48,-86,35,-111,22,-87,25,-72
A,0,0,-42,-27,-66,-69,-79,-102,-100,-117,-32,-103,-45,-126,-58,-100,-61,-77,-7,-104,-18,-136,-32,-96,-29,-75,21,-99,10,-128,-1,-88,4,-69,53,-87,43,-117,29,-91,31,-74
A,0,0,-44,-25,-72,-68,-86,-102,-107,-117,-35,-104,-48,-126,-62,-103,-69,-81,-9,-105,-20,-136,-35,-98,-35,-77,20,-99,9,-129,-4,-88,0,-68,51,-87,40,-116,27,-90,28,-73
A,0,0,-47,-20,-78,-65,-95,-102,-119,-114,-46,-102,-59,-131,-64,-103,-62,-79,-17,-104,-28,-137,-35,-95,-28,-79,14,-101,4,-130,-4,-88,1,-72,46,-92,38,-118,26,-91,27,-77
A,0,0,-47,-17,-80,-57,-101,-92,-128,-103,-58,-95,-67,-123,-63,-94,-55,-72,-27,-101,-36,-132,-35,-90,-28,-73,5,-100,-1,-128,-5,-87,-3,-70,38,-92,34,-118,26,-92,23,-79
A,0,0,-46,-17,-78,-60,-100,-94,-126,-105,-56,-96,-66,-123,-61,-94,-55,-71,-25,-102,-34,-133,-33,-91,-27,-73,7,-100,1,-127,-2,-86,0,-69,41,-92,36,-118,28,-92,26,-80
A,0,0,-48,-18,-80,-64,-100,-101,-127,-111,-58,-100,-64,-129,-59,-96,-52,-74,-26,-106,-32,-139,-32,-95,-27,-78,7,-103,3,-132,-2,-90,-1,-72,39,-96,36,-121,27,-94,24,-80
A,0,0,-48,-19,-80,-64,-100,-102,-127,-114,-56,-101,-62,-129,-58,-98,-52,-77,-25,-106,-31,-139,-31,-95,-27,-78,8,-103,5,-132,-1,-90,0,-72,41,-95,38,-122,29,-95,25,-80
A,0,0,-47,-22,-77,-65,-97,-101,-124,-114,-54,-101,-58,-128,-55,-101,-51,-79,-21,-105,-25,-138,-26,-98,-24,-79,11,-102,11,-131,5,-91,2,-73,44,-93,43,-120,34,-94,29,-79
A,0,0,-47,-24,-78,-67,-96,-103,-122,-116,-52,-100,-56,-128,-55,-98,-54,-76,-19,-104,-24,-136,-26,-96,-25,-78,14,-100,12,-130,5,-90,3,-72,47,-90,45,-118,35,-94,31,-80
A,0,0,-45,-21,-73,-64,-90,-102,-113,-115,-49,-98,-55,-126,-56,-98,-56,-76,-18,-100,-23,-132,-27,-91,-24,-74,14,-96,10,-125,3,-85,4,-68,46,-85,42,-112,32,-85,31,-72
A,0,0,-42,-20,-67,-62,-82,-98,-105,-112,-42,-92,-49,-119,-51,-88,-50,-68,-12,-92,-18,-122,-23,-82,-20,-67,18,-87,13,-114,5,-75,5,-59,47,-76,44,-101,33,-76,30,-62
A,0,0,-38,-21,-60,-63,-73,-97,-95,-112,-32,-91,-41,-117,-45,-88,-43,-68,-5,-89,-11,-119,-19,-80,-15,-65,23,-82,18,-110,7,-72,9,-57,51,-71,47,-96,35,-72,34,-59
A,0,0,-38,-21,-59,-62,-71,-96,-90,-110,-31,-90,-39,-114,-45,-86,-43,-68,-5,-88,-11,-115,-20,-78,-15,-67,21,-81,16,-105,5,-70,9,-59,49,-69,44,-92,33,-70,34,-60
A,0,0,-40,-23,-61,-65,-72,-99,-91,-114,-29,-95,-41,-118,-45,-87,-39,-70,-3,-92,-12,-119,-21,-80,-14,-68,23,-84,15,-110,4,-72,10,-60,51,-72,44,-96,32,-72,34,-61
A,0,0,-38,-24,-61,-66,-73,-99,-94,-114,-31,-95,-45,-119,-51,-88,-47,-70,-5,-91,-17,-118,-26,-79,-18,-68,22,-83,11,-109,0,-72,7,-62,49,-70,41,-95,28,-72,31,-62
A,0,0,-41,-20,-65,-62,-78,-97,-98,-116,-34,-95,-48,-119,-52,-84,-45,-67,-6,-91,-20,-119,-28,-76,-18,-65,22,-82,10,-108,-1,-68,7,-59,51,-69,42,-92,29,-66,33,-56
A,0,0,-42,-23,-66,-68,-79,-102,-101,-120,-34,-102,-52,-123,-57,-88,-50,-70,-6,-97,-22,-121,-30,-77,-18,-68,23,-87,10,-109,-1,-68,9,-62,52,-73,42,-94,30,-67,34,-58
NA,0,0,-60,-18,-109,-64,-116,-106,-86,-114,-68,-131,-96,-164,-100,-121,-89,-102,-30,-129,-56,-163,-61,-101,-45,-94,8,-120,-18,-146,-25,-88,-9,-84,48,-106,22,-125,8,-86,19,-78
NA,0,0,-57,-15,-109,-53,-135,-90,-128,-125,-68,-116,-85,-165,-100,-152,-104,-124,-33,-125,-52,-177,-68,-138,-68,-101,5,-126,-5,-185,-23,-151,-25,-116,46,-122,43,-170,23,-151,15,-121
NA,0,0,-64,-22,-113,-68,-138,-108,-160,-137,-73,-138,-92,-187,-102,-216,-111,-244,-33,-149,-44,-211,-51,-248,-58,-284,6,-146,3,-205,1,-241,-3,-276,46,-131,51,-177,53,-208,52,-239
NA,0,0,-66,-22,-114,-65,-144,-102,-169,-129,-71,-148,-86,-207,-93,-242,-97,-275,-31,-156,-36,-223,-39,-267,-42,-304,9,-149,8,-211,7,-250,4,-283,48,-132,56,-183,59,-215,60,-246
NA,0,0,-63,-23,-112,-65,-140,-103,-168,-131,-74,-148,-89,-206,-97,-240,-103,-273,-32,-155,-38,-222,-42,-265,-44,-303,8,-146,9,-208,7,-247,3,-283,47,-127,55,-176,58,-209,60,-240
NA,0,0,-64,-22,-113,-65,-143,-102,-172,-129,-75,-146,-91,-205,-100,-239,-105,-271,-33,-153,-40,-221,-44,-264,-46,-303,7,-144,7,-207,6,-246,3,-282,46,-126,54,-175,58,-207,60,-239
NA,0,0,-63,-22,-112,-64,-142,-101,-172,-128,-75,-144,-92,-201,-103,-235,-109,-267,-33,-150,-41,-218,-46,-261,-50,-300,8,-142,8,-205,6,-244,3,-280,47,-123,55,-173,59,-206,62,-238
NA,0,0,-63,-22,-111,-63,-140,-99,-170,-125,-74,-143,-91,-200,-102,-233,-109,-266,-33,-150,-40,-218,-44,-261,-48,-300,7,-142,8,-204,6,-243,3,-279,46,-123,54,-173,58,-206,60,-238
NA,0,0,-63,-20,-108,-64,-129,-103,-151,-133,-68,-149,-73,-201,-81,-221,-92,-217,-26,-154,-20,-215,-26,-240,-39,-232,14,-144,22,-203,18,-230,6,-226,51,-125,66,-168,66,-195,59,-202
NA,0,0,-62,-20,-107,-65,-130,-104,-152,-134,-66,-149,-71,-201,-80,-222,-91,-219,-25,-154,-19,-215,-24,-240,-37,-231,15,-144,24,-202,20,-230,9,-227,52,-125,65,-169,66,-197,60,-204
NA,0,0,-61,-28,-98,-76,-110,-124,-116,-161,-71,-144,-82,-201,-84,-235,-83,-269,-35,-150,-45,-216,-48,-257,-49,-296,1,-143,-5,-204,-8,-241,-11,-275,38,-127,35,-175,32,-206,27,-235
NA,0,0,-39,-50,-39,-114,-31,-152,-22,-182,9,-145,17,-191,18,-226,17,-257,25,-137,29,-191,25,-231,19,-267,35,-120,32,-172,23,-210,13,-242,37,-96,27,-138,16,-169,6,-197
NA,0,0,-42,-53,-46,-115,-41,-155,-32,-187,0,-148,9,-197,7,-233,4,-264,17,-136,23,-190,17,-229,9,-264,30,-116,24,-162,11,-195,-1,-225,36,-90,21,-127,7,-155,-5,-181
NA,0,0,-43,-48,-48,-110,-42,-151,-35,-180,-13,-146,-7,-195,-8,-229,-8,-259,7,-139,8,-194,5,-232,1,-266,23,-122,16,-170,4,-203,-8,-232,32,-99,17,-139,4,-166,-7,-191
NA,0,0,5,-59,2,-114,-10,-157,-24,-189,13,-121,7,-184,-2,-223,-11,-257,0,-107,-12,-175,-26,-219,-39,-256,-22,-86,-39,-144,-52,-185,-62,-217,-52,-62,-73,-104,-89,-133,-104,-160
NA,0,0,36,-46,56,-100,74,-142,104,-161,24,-120,17,-184,10,-225,4,-257,-12,-111,-36,-180,-52,-224,-64,-258,-48,-96,-76,-154,-91,-193,-102,-222,-81,-77,-109,-121,-126,-149,-139,-173
NA,0,0,44,-46,67,-101,88,-141,119,-155,25,-126,18,-191,12,-232,6,-262,-13,-121,-33,-191,-48,-234,-59,-266,-49,-108,-71,-168,-84,-206,-92,-232,-82,-90,-106,-134,-121,-161,-132,-183
NA,0,0,43,-45,65,-100,85,-143,116,-155,25,-121,19,-189,11,-231,5,-263,-13,-115,-34,-188,-49,-233,-60,-265,-49,-102,-73,-165,-86,-203,-95,-231,-81,-85,-107,-132,-122,-160,-134,-183
NA,0,0,40,-47,61,-102,80,-144,111,-157,22,-122,14,-191,6,-232,0,-263,-15,-115,-38,-189,-54,-233,-66,-265,-50,-101,-76,-165,-91,-204,-100,-230,-83,-83,-110,-130,-125,-158,-137,-181
NA,0,0,40,-47,60,-103,78,-146,109,-160,23,-122,14,-190,5,-231,-2,-262,-14,-114,-38,-188,-54,-232,-67,-264,-50,-100,-76,-164,-91,-203,-100,-230,-83,-82,-109,-129,-125,-157,-138,-180
NA,0,0,35,-49,54,-110,70,-156,98,-171,24,-123,13,-187,1,-228,-9,-260,-12,-114,-38,-183,-57,-228,-72,-261,-48,-99,-75,-159,-91,-199,-104,-228,-83,-79,-109,-126,-126,-154,-141,-178
NA,0,0,28,-47,34,-99,38,-144,57,-168,16,-121,-2,-184,-18,-222,-31,-251,-11,-110,-44,-177,-69,-218,-88,-248,-40,-91,-73,-150,-94,-188,-109,-217,-71,-67,-103,-111,-123,-138,-139,-162
NA,0,0,-48,-46,-55,-96,-57,-132,-62,-160,-3,-128,-19,-175,-39,-210,-60,-236,4,-123,-19,-180,-45,-218,-69,-247,2,-109,-25,-162,-48,-195,-68,-222,-11,-87,-31,-122,-48,-145,-63,-167
NA,0,0,-51,-23,-88,-66,-105,-99,-119,-122,-54,-136,-69,-185,-78,-212,-86,-237,-24,-143,-36,-202,-43,-238,-49,-269,7,-139,1,-195,-3,-229,-7,-260,40,-126,50,-169,54,-199,55,-227
NA,0,0,-58,-24,-102,-65,-127,-97,-149,-120,-65,-143,-79,-194,-88,-223,-95,-249,-30,-151,-37,-211,-41,-248,-46,-278,5,-145,6,-200,5,-234,2,-263,38,-129,50,-172,54,-201,55,-229
NA,0,0,-53,-15,-98,-44,-130,-67,-156,-80,-64,-113,-78,-158,-85,-186,-90,-210,-33,-122,-41,-174,-45,-207,-47,-234,-2,-119,-4,-167,-5,-197,-7,-222,28,-107,36,-144,39,-168,39,-190
NA,0,0,-44,-11,-81,-35,-106,-55,-128,-68,-55,-92,-69,-128,-76,-150,-81,-171,-30,-100,-38,-143,-43,-170,-47,-193,-5,-99,-7,-138,-8,-162,-10,-182,21,-91,27,-121,28,-140,28,-158
NA,0,0,-41,-14,-74,-37,-95,-58,-113,-75,-49,-89,-60,-123,-66,-143,-69,-162,-25,-96,-31,-135,-34,-160,-37,-181,-1,-93,-3,-127,-5,-150,-7,-169,21,-83,26,-110,28,-128,29,-145
NA,0,0,-40,-13,-71,-38,-89,-58,-105,-73,-46,-86,-56,-118,-61,-137,-64,-155,-23,-91,-28,-129,-31,-153,-33,-172,-2,-88,-3,-122,-4,-143,-6,-161,19,-78,25,-104,27,-121,28,-137
NA,0,0,-38,-15,-68,-42,-85,-64,-100,-78,-42,-88,-52,-119,-57,-139,-59,-156,-20,-93,-24,-130,-26,-153,-28,-173,2,-89,2,-123,1,-144,-1,-162,22,-79,28,-104,30,-121,30,-138
NA,0,0,-38,-15,-67,-41,-84,-64,-99,-80,-41,-88,-52,-120,-56,-139,-59,-157,-19,-93,-23,-131,-25,-154,-26,-174,3,-89,3,-123,3,-144,1,-163,23,-79,30,-104,32,-121,33,-138
NA,0,0,-42,-17,-66,-54,-60,-82,-41,-95,-40,-91,-56,-116,-61,-88,-54,-74,-16,-90,-31,-115,-38,-76,-28,-69,8,-83,-8,-102,-16,-66,-5,-60,34,-73,14,-86,6,-62,14,-56
NA,0,0,-44,-19,-69,-54,-64,-81,-47,-91,-45,-87,-61,-109,-61,-81,-52,-69,-22,-87,-35,-109,-38,-75,-28,-66,2,-82,-11,-100,-15,-67,-6,-59,26,-71,11,-85,3,-62,10,-53
NA,0,0,-38,-16,-62,-46,-57,-72,-39,-84,-40,-80,-55,-102,-59,-77,-53,-64,-19,-81,-33,-101,-38,-66,-29,-60,3,-77,-11,-93,-16,-61,-8,-55,26,-69,11,-82,4,-60,10,-54
NA,0,0,-36,-11,-61,-39,-58,-63,-41,-74,-39,-72,-51,-95,-53,-72,-47,-57,-16,-72,-26,-96,-30,-63,-22,-53,7,-68,-3,-86,-8,-54,-1,-47,31,-59,18,-72,11,-51,17,-45
NA,0,0,-38,-13,-64,-42,-60,-68,-42,-78,-39,-79,-54,-102,-57,-75,-51,-61,-16,-77,-28,-101,-33,-64,-25,-57,8,-72,-4,-90,-10,-55,-2,-51,33,-62,19,-76,10,-53,16,-48
NA,0,0,-39,-17,-65,-47,-61,-73,-43,-84,-38,-86,-54,-112,-58,-86,-52,-71,-13,-84,-27,-110,-32,-71,-22,-64,12,-78,-2,-99,-8,-62,2,-57,39,-68,23,-83,15,-60,21,-54
NA,0,0,-43,-20,-68,-56,-59,-84,-41,-98,-41,-94,-57,-123,-64,-96,-59,-78,-14,-92,-28,-121,-37,-80,-27,-71,13,-84,-1,-108,-10,-70,0,-63,42,-73,26,-90,15,-66,23,-59
NA,0,0,-48,-19,-76,-57,-72,-91,-55,-111,-45,-101,-61,-134,-68,-105,-62,-87,-18,-99,-32,-132,-40,-87,-29,-78,11,-93,-2,-121,-12,-78,0,-70,43,-82,29,-104,17,-77,25,-69
NA,0,0,-52,-25,-83,-66,-79,-98,-57,-111,-43,-115,-63,-147,-73,-116,-68,-97,-12,-111,-30,-144,-42,-96,-31,-86,19,-101,2,-129,-11,-83,2,-76,52,-85,34,-105,20,-76,29,-70
NA,0,0,-52,-25,-87,-70,-83,-104,-58,-116,-43,-123,-63,-159,-74,-125,-70,-103,-10,-118,-28,-155,-42,-102,-30,-91,25,-107,7,-138,-8,-87,5,-78,62,-89,43,-113,26,-82,34,-73
NA,0,0,-56,-27,-93,-76,-88,-115,-60,-128,-48,-130,-69,-170,-80,-134,-75,-111,-12,-125,-30,-165,-44,-107,-31,-96,25,-113,7,-147,-8,-91,6,-83,64,-96,44,-120,27,-83,37,-74
NA,0,0,-60,-28,-104,-82,-101,-127,-70,-146,-50,-150,-71,-197,-88,-156,-85,-125,-8,-144,-27,-191,-48,-121,-33,-107,35,-131,16,-168,-4,-103,11,-94,80,-111,60,-142,39,-99,50,-89
NA,0,0,-71,-27,-119,-90,-116,-143,-84,-163,-73,-161,-90,-214,-102,-164,-95,-133,-21,-156,-34,-208,-54,-131,-42,-115,26,-140,18,-177,-6,-109,4,-99,72,-116,56,-146,34,-100,42,-87
NA,0,0,-78,-27,-129,-94,-128,-148,-103,-172,-82,-168,-105,-222,-119,-171,-111,-140,-30,-166,-48,-215,-70,-135,-55,-122,18,-150,5,-186,-21,-115,-7,-106,66,-126,45,-152,22,-105,33,-94
NA,0,0,-72,-36,-121,-98,-123,-142,-94,-162,-68,-172,-98,-219,-118,-178,-114,-148,-24,-170,-56,-218,-73,-147,-54,-132,22,-158,-9,-193,-25,-127,-7,-119,70,-136,38,-161,18,-118,32,-108
NA,0,0,-66,-31,-109,-88,-111,-130,-86,-148,-62,-157,-96,-195,-112,-157,-107,-129,-27,-156,-59,-192,-73,-127,-56,-113,12,-145,-20,-171,-33,-111,-15,-103,51,-126,19,-143,3,-104,17,-96
NA,0,0,-57,-29,-96,-79,-98,-116,-79,-137,-55,-141,-85,-175,-102,-142,-97,-116,-24,-140,-55,-171,-67,-114,-52,-101,10,-131,-20,-152,-31,-99,-15,-92,45,-114,15,-129,1,-95,13,-87
NA,0,0,-49,-22,-79,-67,-76,-105,-64,-130,-49,-123,-73,-150,-85,-118,-80,-94,-19,-123,-42,-149,-54,-98,-44,-83,12,-114,-12,-129,-23,-81,-11,-72,44,-98,20,-109,8,-77,17,-68
NA,0,0,-45,-25,-70,-67,-66,-97,-54,-115,-38,-118,-62,-140,-73,-108,-69,-87,-11,-116,-34,-136,-48,-90,-39,-76,17,-105,-7,-116,-19,-73,-7,-65,45,-87,22,-98,8,-69,16,-61
NA,0,0,-43,-24,-67,-65,-65,-93,-55,-109,-35,-112,-60,-132,-70,-102,-65,-86,-10,-110,-34,-128,-46,-85,-34,-76,16,-99,-9,-109,-21,-68,-8,-63,42,-82,18,-89,5,-62,15,-57
NA,0,0,-41,-21,-64,-56,-65,-81,-55,-96,-37,-109,-60,-123,-74,-101,-73,-86,-15,-107,-42,-115,-54,-80,-45,-70,7,-96,-23,-95,-33,-62,-23,-56,27,-78,-1,-77,-11,-55,-2,-51
NA,0,0,-42,-18,-66,-52,-77,-80,-89,-101,-57,-101,-66,-138,-74,-160,-80,-181,-41,-105,-50,-148,-58,-174,-65,-199,-23,-99,-31,-141,-37,-165,-43,-188,-2,-87,-5,-121,-10,-143,-15,-164
NA,0,0,-45,-17,-73,-52,-88,-80,-104,-101,-58,-103,-69,-142,-78,-165,-86,-187,-39,-108,-50,-153,-58,-182,-65,-208,-19,-105,-27,-149,-32,-176,-38,-200,4,-96,1,-132,-2,-156,-7,-178
NA,0,0,-49,-19,-84,-55,-105,-84,-126,-108,-63,-115,-77,-160,-88,-185,-98,-208,-40,-120,-53,-172,-63,-204,-72,-232,-15,-116,-27,-165,-34,-195,-42,-221,11,-105,7,-145,2,-172,-3,-198
NA,0,0,-62,-19,-105,-63,-128,-99,-151,-125,-79,-131,-98,-183,-111,-213,-122,-241,-51,-138,-68,-199,-80,-237,-89,-270,-21,-134,-33,-192,-41,-227,-49,-258,13,-122,9,-168,4,-199,-3,-228
NA,0,0,-70,-19,-121,-70,-148,-112,-173,-143,-93,-149,-114,-209,-127,-245,-137,-278,-59,-158,-80,-227,-92,-272,-101,-310,-23,-153,-39,-218,-48,-258,-56,-293,16,-139,11,-191,4,-226,-4,-259
NA,0,0,-72,-21,-124,-73,-152,-115,-179,-149,-92,-158,-113,-224,-128,-262,-141,-297,-54,-166,-75,-242,-88,-289,-100,-330,-14,-160,-28,-231,-37,-274,-48,-311,28,-143,26,-200,20,-237,12,-272
NA,0,0,-74,-23,-126,-73,-156,-117,-183,-151,-94,-154,-114,-224,-128,-263,-140,-299,-54,-163,-73,-241,-84,-290,-94,-333,-12,-157,-25,-230,-34,-273,-44,-313,32,-140,31,-197,27,-235,19,-272
NA,0,0,-66,-24,-112,-70,-136,-107,-159,-136,-85,-142,-102,-198,-114,-230,-124,-261,-54,-149,-70,-213,-80,-253,-88,-289,-21,-143,-33,-204,-39,-241,-46,-274,14,-128,10,-176,6,-209,2,-240
NA,0,0,-54,-22,-91,-65,-109,-99,-128,-124,-63,-123,-76,-170,-86,-198,-94,-223,-38,-127,-49,-181,-56,-215,-62,-244,-12,-122,-19,-173,-24,-204,-29,-231,17,-109,16,-149,14,-177,11,-202
NA,0,0,-49,-17,-83,-53,-100,-82,-116,-105,-59,-107,-70,-147,-79,-170,-87,-192,-35,-111,-44,-157,-50,-186,-56,-212,-10,-106,-14,-149,-19,-176,-24,-199,16,-93,17,-128,15,-152,12,-174
NA,0,0,-45,-20,-79,-52,-99,-81,-116,-104,-54,-107,-67,-147,-74,-169,-80,-190,-29,-111,-37,-156,-42,-184,-45,-209,-4,-107,-9,-148,-12,-172,-15,-193,24,-94,25,-129,24,-151,22,-172
NA,0,0,-46,-24,-78,-58,-95,-87,-111,-111,-46,-110,-54,-151,-60,-174,-66,-196,-18,-112,-20,-158,-23,-186,-24,-212,10,-105,9,-147,7,-173,5,-196,38,-92,42,-126,42,-150,41,-172
NA,0,0,-47,-23,-80,-58,-100,-88,-118,-113,-51,-109,-58,-152,-61,-177,-63,-201,-20,-113,-23,-161,-23,-192,-24,-219,9,-108,9,-151,9,-178,7,-202,38,-95,42,-131,44,-154,44,-174
NA,0,0,-52,-18,-90,-51,-110,-84,-126,-112,-56,-105,-64,-150,-67,-176,-69,-201,-25,-111,-30,-161,-33,-193,-35,-221,4,-107,1,-154,0,-182,-3,-207,33,-97,34,-136,34,-161,32,-184
NA,0,0,-54,-13,-90,-46,-110,-80,-127,-107,-56,-107,-66,-150,-70,-175,-72,-199,-25,-114,-32,-163,-36,-193,-40,-220,5,-111,1,-157,-2,-184,-6,-208,36,-100,37,-138,35,-162,31,-185
NA,0,0,-57,-17,-98,-51,-118,-85,-136,-110,-64,-115,-75,-159,-78,-185,-80,-209,-33,-124,-41,-175,-44,-205,-46,-232,-3,-124,-8,-171,-12,-198,-15,-221,28,-115,28,-153,25,-177,21,-200
NA,0,0,-56,-19,-96,-54,-114,-88,-131,-109,-59,-119,-72,-162,-77,-187,-78,-211,-30,-128,-40,-178,-43,-208,-44,-234,-2,-128,-6,-174,-10,-202,-13,-226,29,-119,28,-157,26,-181,22,-204
NA,0,0,-54,-15,-93,-51,-111,-83,-125,-104,-60,-116,-73,-158,-79,-183,-84,-207,-33,-126,-43,-176,-48,-207,-51,-233,-6,-126,-13,-173,-18,-201,-21,-225,23,-118,21,-157,17,-182,14,-206
NA,0,0,-48,-15,-83,-49,-98,-80,-109,-100,-51,-115,-62,-157,-70,-182,-76,-204,-28,-123,-36,-171,-41,-201,-45,-225,-4,-122,-9,-169,-13,-195,-17,-217,23,-114,22,-153,20,-177,16,-198
NA,0,0,-47,-17,-77,-50,-92,-78,-102,-99,-52,-112,-62,-152,-70,-175,-76,-196,-32,-119,-39,-167,-43,-197,-47,-222,-12,-116,-16,-162,-20,-190,-23,-214,11,-107,11,-145,9,-170,6,-193
NA,0,0,-39,-18,-66,-51,-77,-78,-76,-103,-35,-93,-54,-110,-62,-85,-60,-61,-19,-95,-43,-115,-49,-82,-43,-55,1,-94,-28,-107,-30,-74,-21,-52,22,-88,-9,-97,-12,-76,-2,-61
NA,0,0,-37,-18,-63,-51,-74,-77,-74,-101,-32,-95,-53,-111,-62,-87,-61,-63,-16,-97,-42,-114,-48,-80,-42,-55,4,-95,-27,-107,-29,-72,-19,-51,25,-89,-7,-99,-10,-75,-1,-61
NA,0,0,-16,-58,-27,-112,-28,-150,-11,-180,1,-96,-60,-111,-65,-98,-52,-90,0,-59,-76,-75,-71,-66,-52,-61,-8,-25,-79,-43,-69,-36,-47,-33,-17,3,-74,-13,-65,-10,-44,-6
NA,0,0,-26,-62,-51,-125,-55,-170,-42,-207,-25,-113,-95,-120,-94,-105,-76,-98,-26,-73,-103,-79,-92,-70,-69,-68,-31,-35,-100,-47,-86,-39,-63,-35,-38,-2,-89,-14,-76,-9,-55,-4
NA,0,0,-32,-68,-51,-133,-49,-179,-31,-213,-13,-122,-78,-122,-81,-104,-66,-100,-8,-81,-89,-83,-82,-69,-60,-69,-9,-44,-86,-50,-76,-40,-51,-41,-13,-11,-75,-17,-66,-12,-44,-10
NA,0,0,-26,-53,-45,-106,-48,-146,-35,-177,-19,-93,-56,-101,-72,-96,-79,-94,-20,-61,-62,-70,-76,-70,-81,-71,-26,-29,-66,-42,-74,-42,-74,-46,-35,1,-65,-9,-66,-10,-60,-12
NA,0,0,-19,-47,-34,-90,-38,-123,-31,-151,-11,-80,-59,-86,-68,-78,-64,-72,-9,-50,-69,-53,-69,-48,-56,-47,-10,-22,-67,-26,-61,-23,-44,-23,-13,3,-57,0,-51,1,-36,1
NA,0,0,-20,-52,-36,-102,-42,-139,-31,-171,-7,-100,-60,-105,-70,-90,-64,-81,-3,-69,-68,-71,-69,-56,-56,-50,-5,-39,-67,-41,-64,-27,-49,-23,-10,-11,-61,-13,-61,-1,-49,5
NA,0,0,-27,-62,-43,-122,-44,-163,-30,-196,-1,-120,-68,-119,-70,-99,-54,-94,4,-83,-75,-82,-66,-67,-46,-64,2,-48,-72,-50,-60,-39,-38,-38,-3,-15,-61,-22,-52,-15,-33,-11
NA,0,0,-29,-74,-42,-143,-43,-192,-29,-231,15,-145,-64,-149,-77,-128,-63,-121,18,-101,-80,-102,-77,-84,-54,-82,13,-58,-80,-63,-71,-50,-46,-48,2,-18,-69,-30,-64,-25,-44,-22
NA,0,0,-15,-84,-18,-158,-14,-209,5,-250,46,-142,-39,-151,-60,-136,-46,-133,48,-91,-62,-103,-68,-90,-44,-89,39,-43,-63,-60,-65,-51,-42,-48,23,1,-48,-19,-58,-26,-50,-27
NA,0,0,-15,-90,-18,-167,-11,-219,10,-262,45,-150,-44,-159,-67,-145,-54,-142,46,-96,-64,-105,-72,-95,-50,-96,38,-46,-65,-59,-70,-53,-49,-52,24,0,-47,-16,-63,-22,-61,-23
NA,0,0,-35,-83,-52,-154,-50,-207,-30,-248,-5,-150,-103,-141,-103,-115,-79,-112,0,-100,-110,-92,-99,-77,-73,-74,-1,-53,-105,-49,-91,-41,-62,-39,-5,-10,-87,-12,-79,-10,-56,-9
NA,0,0,-22,-55,-56,-113,-67,-158,-60,-196,-44,-101,-119,-98,-106,-85,-83,-83,-44,-59,-125,-61,-106,-54,-79,-50,-48,-19,-118,-28,-99,-25,-76,-21,-55,16,-107,2,-92,2,-73,6
NA,0,0,-17,-45,-46,-92,-56,-128,-51,-159,-42,-75,-103,-76,-90,-69,-68,-68,-44,-40,-109,-41,-91,-38,-68,-37,-47,-6,-102,-10,-86,-10,-65,-9,-50,24,-95,17,-82,15,-64,16
NA,0,0,-20,-45,-48,-89,-58,-123,-56,-153,-41,-71,-101,-69,-87,-66,-65,-66,-42,-36,-105,-37,-88,-36,-65,-35,-44,-4,-100,-8,-85,-9,-63,-9,-47,23,-91,16,-79,13,-61,16
NA,0,0,-16,-46,-46,-92,-58,-125,-56,-153,-46,-71,-99,-71,-82,-70,-60,-70,-51,-37,-102,-44,-86,-43,-64,-39,-55,-8,-98,-17,-83,-16,-63,-14,-59,17,-93,5,-79,5,-62,9
NA,0,0,-22,-45,-54,-89,-67,-125,-62,-155,-44,-69,-98,-73,-90,-75,-71,-75,-47,-35,-107,-44,-94,-45,-71,-42,-48,-4,-104,-15,-92,-16,-70,-14,-50,23,-93,12,-85,9,-70,12
NA,0,0,-25,-45,-50,-92,-54,-128,-46,-157,-25,-73,-90,-75,-81,-67,-60,-63,-25,-37,-94,-41,-81,-37,-57,-34,-28,-5,-90,-12,-77,-10,-55,-6,-34,23,-79,14,-69,15,-51,19
NA,0,0,-25,-49,-44,-95,-45,-127,-33,-154,-10,-69,-71,-77,-69,-73,-53,-70,-10,-34,-80,-42,-72,-42,-52,-41,-14,-3,-79,-15,-69,-14,-48,-13,-23,24,-70,14,-60,13,-41,15
NA,0,0,-28,-56,-45,-110,-46,-151,-34,-183,-10,-104,-52,-106,-68,-99,-70,-98,-4,-72,-60,-70,-69,-66,-66,-70,-3,-41,-60,-39,-62,-32,-50,-35,-7,-11,-53,-9,-50,-4,-36,-4
NA,0,0,-86,-13,-169,-61,-239,-99,-307,-124,-148,-169,-204,-265,-237,-326,-267,-379,-88,-177,-108,-266,-122,-304,-138,-328,-20,-154,-14,-226,-17,-250,-30,-269,49,-114,83,-165,103,-184,111,-198
NA,0,0,-66,-23,-126,-96,-173,-152,-221,-192,-80,-205,-87,-304,-136,-287,-162,-243,-25,-199,-18,-322,-65,-269,-75,-223,30,-172,34,-268,-3,-200,-8,-163,89,-129,102,-189,71,-146,64,-116
NA,0,0,-86,-33,-166,-97,-236,-143,-305,-177,-123,-204,-179,-323,-217,-404,-250,-472,-50,-219,-74,-355,-96,-450,-113,-533,24,-199,28,-321,29,-411,29,-494,100,-154,173,-231,221,-287,259,-342
NA,0,0,-95,-35,-177,-97,-245,-143,-312,-175,-141,-182,-201,-307,-235,-396,-259,-469,-67,-199,-97,-341,-116,-445,-127,-534,12,-185,6,-313,0,-410,-3,-497,92,-149,152,-236,188,-301,218,-364
NA,0,0,-76,-46,-140,-116,-197,-170,-255,-204,-117,-210,-166,-319,-190,-390,-209,-452,-62,-218,-84,-348,-99,-436,-111,-507,-2,-201,-10,-316,-20,-397,-30,-465,65,-166,104,-244,128,-301,147,-353
NA,0,0,-60,-21,-112,-64,-147,-100,-182,-126,-94,-123,-118,-191,-128,-235,-133,-273,-58,-126,-71,-208,-79,-264,-86,-312,-18,-114,-27,-187,-32,-239,-39,-288,26,-91,43,-146,55,-185,62,-222
NA,0,0,-50,-15,-94,-51,-125,-77,-156,-97,-82,-105,-97,-163,-103,-199,-107,-231,-53,-105,-61,-173,-68,-219,-75,-259,-21,-94,-23,-158,-27,-202,-33,-243,13,-72,31,-120,43,-153,50,-184
NA,0,0,-51,-13,-95,-51,-125,-83,-156,-102,-78,-116,-89,-181,-95,-222,-100,-255,-45,-122,-51,-201,-56,-252,-59,-293,-7,-114,-12,-188,-15,-237,-18,-280,34,-95,50,-149,61,-187,69,-223
NA,0,0,-66,-15,-126,-55,-164,-87,-202,-107,-110,-128,-142,-196,-158,-240,-172,-278,-72,-139,-95,-226,-109,-285,-122,-336,-28,-134,-47,-218,-59,-271,-71,-316,20,-118,29,-184,35,-227,38,-265
NA,0,0,-78,-11,-153,-50,-206,-88,-258,-112,-142,-119,-181,-206,-204,-266,-223,-316,-92,-134,-124,-247,-144,-325,-162,-391,-36,-131,-58,-231,-77,-300,-96,-361,25,-114,40,-189,50,-242,54,-290
NA,0,0,-82,-36,-158,-96,-223,-142,-286,-171,-135,-171,-188,-275,-222,-347,-250,-409,-80,-181,-115,-308,-142,-400,-164,-478,-14,-169,-34,-283,-54,-365,-74,-437,57,-142,87,-228,104,-287,116,-344
NA,0,0,-85,-59,-157,-151,-216,-223,-278,-274,-101,-219,-123,-348,-141,-434,-157,-510,-28,-219,-17,-375,-15,-484,-13,-580,43,-189,64,-320,73,-414,80,-501,111,-141,176,-226,219,-288,252,-347
NA,0,0,-85,-46,-157,-115,-219,-170,-283,-212,-104,-199,-139,-324,-159,-406,-175,-474,-36,-204,-42,-353,-46,-457,-49,-541,33,-182,40,-314,41,-407,40,-488,103,-140,155,-229,187,-291,213,-349
NA,0,0,-68,-43,-125,-108,-175,-161,-223,-204,-81,-219,-98,-324,-104,-388,-106,-440,-20,-225,-12,-341,-3,-411,6,-464,42,-204,57,-315,65,-381,71,-435,103,-165,149,-243,175,-301,196,-357
NA,0,0,-70,-41,-120,-112,-156,-170,-201,-204,-72,-209,-81,-299,-83,-355,-83,-401,-20,-208,-14,-304,-10,-363,-7,-412,29,-188,47,-276,56,-331,62,-379,78,-151,113,-217,133,-263,148,-307
NA,0,0,-61,-33,-105,-93,-135,-145,-169,-186,-64,-191,-71,-280,-73,-334,-70,-380,-14,-192,-5,-285,3,-341,12,-387,34,-172,49,-259,59,-312,67,-359,80,-138,116,-201,139,-244,158,-286
NA,0,0,-65,-34,-115,-90,-148,-135,-184,-164,-80,-175,-93,-252,-101,-302,-107,-346,-36,-181,-35,-273,-33,-334,-30,-385,7,-167,15,-253,17,-310,19,-361,52,-136,85,-196,104,-240,117,-280
NA,0,0,-69,-23,-124,-71,-164,-108,-211,-134,-107,-158,-142,-233,-166,-281,-186,-325,-64,-167,-82,-268,-96,-340,-108,-403,-19,-152,-21,-241,-27,-303,-34,-361,28,-120,59,-180,77,-225,88,-269
NA,0,0,-70,-22,-124,-64,-167,-98,-214,-121,-94,-150,-109,-215,-132,-240,-159,-245,-53,-151,-51,-224,-66,-250,-86,-249,-11,-131,-3,-202,-10,-219,-28,-212,31,-96,55,-137,55,-150,41,-148
NA,0,0,-59,-20,-110,-60,-151,-92,-193,-113,-71,-149,-91,-214,-107,-260,-126,-295,-30,-153,-29,-227,-40,-257,-57,-260,11,-137,24,-205,12,-223,-10,-216,52,-107,80,-158,72,-166,50,-153
NA,0,0,-56,-17,-105,-55,-148,-85,-191,-107,-67,-144,-84,-209,-101,-250,-120,-278,-27,-146,-18,-218,-34,-247,-53,-247,11,-127,31,-193,20,-213,3,-206,46,-95,77,-145,68,-159,49,-151
NA,0,0,-41,6,-81,-3,-118,-1,-153,6,-90,-82,-122,-122,-147,-143,-174,-157,-64,-94,-90,-147,-116,-179,-142,-205,-34,-89,-43,-143,-57,-177,-76,-206,-3,-73,2,-111,-3,-136,-14,-158
NA,0,0,-59,-16,-107,-64,-137,-103,-174,-130,-109,-145,-139,-223,-157,-275,-171,-319,-75,-154,-93,-252,-106,-321,-115,-377,-35,-144,-43,-234,-50,-293,-58,-346,11,-120,28,-183,34,-228,34,-271
NA,0,0,-75,-24,-143,-80,-191,-123,-237,-157,-139,-173,-175,-263,-198,-323,-216,-372,-91,-178,-110,-281,-121,-351,-127,-410,-35,-162,-40,-264,-44,-334,-50,-398,28,-130,55,-206,69,-260,77,-313
NA,0,0,-79,-24,-144,-79,-193,-126,-240,-157,-128,-164,-162,-256,-182,-316,-197,-366,-77,-175,-91,-287,-101,-364,-110,-428,-22,-162,-21,-269,-22,-340,-25,-404,37,-133,75,-205,95,-257,109,-306
NA,0,0,-81,-23,-147,-80,-190,-134,-234,-175,-132,-163,-162,-256,-177,-319,-188,-371,-83,-171,-98,-287,-108,-369,-117,-437,-30,-158,-36,-266,-41,-339,-48,-406,28,-131,58,-207,74,-260,84,-311
NA,0,0,-78,-26,-143,-82,-188,-129,-232,-161,-128,-163,-158,-258,-173,-319,-184,-369,-80,-173,-96,-292,-106,-375,-115,-443,-25,-161,-34,-270,-39,-342,-46,-406,34,-134,61,-211,76,-265,87,-316
NA,0,0,-72,-26,-136,-74,-183,-114,-225,-145,-128,-134,-167,-222,-187,-281,-203,-329,-85,-143,-109,-249,-124,-320,-135,-379,-33,-135,-45,-236,-53,-304,-62,-363,24,-114,46,-186,61,-236,69,-281
NA,0,0,-75,-24,-142,-72,-190,-110,-235,-136,-132,-128,-179,-209,-206,-261,-227,-307,-88,-138,-121,-236,-140,-303,-154,-359,-36,-131,-54,-224,-66,-286,-78,-341,19,-110,41,-175,54,-221,62,-262
NA,0,0,-68,-25,-129,-73,-176,-111,-221,-132,-121,-139,-160,-226,-179,-284,-195,-331,-78,-150,-99,-255,-111,-327,-121,-383,-25,-142,-33,-239,-40,-306,-47,-363,34,-122,59,-190,72,-239,80,-283
NA,0,0,-72,-26,-126,-79,-163,-122,-204,-154,-106,-163,-127,-247,-142,-301,-154,-347,-63,-167,-71,-272,-77,-345,-83,-407,-17,-151,-16,-248,-17,-314,-22,-375,32,-118,63,-182,79,-229,89,-275
NA,0,0,-59,-24,-106,-54,-152,-62,-202,-58,-77,-164,-85,-240,-103,-282,-128,-317,-35,-165,-30,-257,-42,-316,-62,-367,5,-144,17,-232,12,-290,-2,-344,42,-107,62,-161,66,-201,62,-241
NA,0,0,-56,-19,-105,-42,-149,-38,-196,-25,-77,-160,-86,-235,-101,-277,-125,-313,-33,-162,-28,-250,-37,-308,-56,-361,8,-138,21,-220,17,-274,3,-325,44,-99,64,-151,66,-188,58,-226
NA,0,0,-58,-16,-106,-41,-150,-41,-199,-34,-78,-159,-87,-234,-103,-278,-125,-316,-33,-161,-29,-255,-37,-319,-53,-376,8,-139,19,-223,17,-279,6,-332,43,-100,64,-154,68,-193,64,-231
NA,0,0,-58,-14,-107,-37,-149,-39,-195,-33,-86,-160,-100,-234,-119,-275,-146,-311,-42,-163,-42,-256,-51,-318,-69,-373,-1,-142,7,-223,2,-276,-11,-327,35,-105,53,-159,56,-196,50,-233
NA,0,0,-52,-14,-90,-41,-116,-52,-153,-51,-83,-157,-96,-228,-117,-263,-147,-291,-41,-162,-41,-252,-53,-309,-72,-360,-2,-144,8,-223,2,-276,-15,-324,35,-111,54,-167,52,-203,39,-238
NA,0,0,-56,-13,-95,-35,-122,-44,-155,-41,-95,-145,-122,-212,-148,-246,-180,-274,-55,-155,-66,-244,-84,-299,-108,-345,-15,-140,-12,-220,-24,-272,-43,-320,24,-110,44,-161,43,-197,32,-232
NA,0,0,-55,-7,-96,-27,-122,-37,-155,-36,-101,-133,-126,-201,-151,-235,-182,-263,-61,-141,-72,-228,-92,-281,-119,-326,-21,-125,-19,-203,-31,-254,-53,-302,18,-94,36,-144,35,-179,24,-214
NA,0,0,-54,-6,-95,-24,-126,-29,-162,-20,-102,-130,-128,-197,-152,-232,-184,-256,-61,-137,-71,-221,-95,-265,-128,-298,-20,-122,-15,-199,-30,-247,-56,-287,19,-91,39,-143,36,-175,20,-203
NA,0,0,-50,-4,-92,-15,-120,-9,-140,7,-91,-130,-103,-200,-131,-215,-157,-203,-48,-136,-47,-219,-78,-243,-106,-232,-6,-122,4,-201,-17,-227,-42,-223,34,-94,52,-151,36,-166,10,-162
NA,0,0,-54,2,-100,-7,-128,-2,-133,11,-100,-125,-109,-198,-141,-202,-165,-183,-62,-131,-57,-224,-95,-228,-120,-203,-22,-118,-4,-205,-34,-214,-58,-201,16,-90,37,-147,15,-154,-11,-143
NA,0,0,-51,-2,-93,-13,-117,-6,-130,9,-94,-132,-102,-204,-133,-214,-160,-201,-55,-137,-50,-228,-85,-242,-113,-224,-15,-124,-1,-207,-26,-224,-50,-216,23,-95,40,-151,19,-163,-8,-155
NA,0,0,-55,-6,-99,-12,-134,7,-166,35,-95,-139,-118,-212,-140,-252,-167,-284,-50,-143,-60,-234,-76,-291,-96,-341,-6,-124,-3,-210,-10,-267,-22,-319,33,-89,66,-144,83,-183,91,-221
NA,0,0,-57,-10,-105,-23,-146,-13,-185,5,-96,-138,-120,-211,-141,-255,-165,-291,-53,-142,-64,-232,-79,-292,-97,-345,-10,-123,-6,-210,-13,-269,-25,-323,30,-88,64,-142,81,-181,89,-220
NA,0,0,-63,-20,-113,-64,-153,-102,-197,-129,-90,-141,-111,-216,-129,-262,-147,-301,-47,-143,-54,-234,-66,-297,-80,-352,-4,-124,0,-209,-4,-272,-12,-331,37,-90,72,-145,92,-185,106,-224
NA,0,0,-67,-26,-117,-75,-155,-116,-198,-145,-93,-153,-111,-232,-123,-284,-133,-329,-51,-156,-55,-252,-64,-322,-73,-382,-8,-137,2,-226,2,-290,-2,-349,35,-102,74,-157,96,-198,111,-237
NA,0,0,-87,-13,-133,-57,-159,-97,-179,-126,-106,-163,-188,-132,-177,-83,-151,-68,-82,-162,-172,-116,-159,-64,-135,-51,-61,-141,-148,-90,-132,-45,-109,-38,-44,-107,-109,-53,-100,-23,-80,-23
NA,0,0,-85,-10,-129,-53,-153,-92,-168,-121,-105,-162,-185,-131,-177,-81,-151,-64,-81,-162,-171,-117,-159,-64,-134,-50,-60,-141,-147,-92,-133,-46,-110,-40,-45,-106,-108,-52,-99,-22,-79,-21
NA,0,0,-81,-16,-126,-62,-152,-103,-168,-130,-94,-169,-175,-141,-172,-92,-150,-70,-70,-168,-160,-131,-155,-75,-135,-55,-50,-148,-136,-104,-127,-54,-107,-43,-35,-114,-99,-69,-95,-35,-77,-29
NA,0,0,-70,-13,-123,-56,-151,-97,-174,-127,-110,-162,-172,-138,-169,-85,-153,-50,-79,-166,-144,-131,-142,-74,-131,-39,-48,-153,-109,-116,-108,-62,-99,-32,-18,-127,-67,-95,-72,-52,-65,-28
NA,0,0,-79,27,-155,22,-194,4,-222,-11,-208,-87,-258,-68,-209,-16,-182,-11,-175,-111,-228,-92,-178,-31,-150,-30,-136,-126,-185,-106,-140,-41,-115,-42,-92,-135,-133,-114,-108,-63,-89,-62
NA,0,0,-58,68,-158,96,-221,83,-269,65,-254,35,-306,66,-231,92,-181,92,-242,-20,-295,13,-202,51,-168,35,-207,-72,-248,-42,-160,2,-136,-13,-162,-121,-182,-86,-129,-44,-114,-53
NA,0,0,-26,36,-74,68,-112,80,-132,66,-218,21,-217,57,-149,66,-110,64,-211,-43,-176,-11,-102,16,-86,17,-174,-93,-130,-69,-68,-28,-61,-17,-123,-130,-71,-106,-35,-63,-35,-45
NA,0,0,-71,34,-160,28,-210,6,-237,-21,-203,-68,-267,-59,-222,-8,-175,15,-179,-103,-244,-85,-200,-31,-159,-9,-144,-128,-203,-109,-159,-55,-121,-33,-102,-144,-150,-125,-122,-77,-95,-59
NA,0,0,-73,-10,-137,-35,-185,-45,-224,-41,-126,-214,-199,-182,-192,-88,-175,-36,-57,-221,-133,-170,-134,-71,-121,-27,8,-196,-54,-144,-56,-56,-42,-20,68,-157,25,-112,10,-53,13,-28
NA,0,0,12,8,25,24,39,38,49,49,0,35,1,53,2,65,3,74,-7,37,-3,54,-1,64,2,73,-10,38,-6,53,-3,63,-1,71,-10,39,-7,52,-5,59,-4,66
NA,0,0,-83,-11,-170,-83,-211,-140,-245,-186,-180,-221,-252,-202,-224,-117,-190,-69,-128,-249,-215,-229,-188,-127,-158,-88,-64,-255,-133,-229,-104,-131,-78,-103,4,-245,-44,-212,-35,-143,-18,-128
NA,0,0,-70,-4,-145,-63,-176,-112,-186,-153,-157,-214,-238,-183,-224,-104,-196,-57,-98,-234,-187,-196,-175,-102,-149,-66,-33,-227,-107,-195,-98,-108,-73,-81,34,-204,-22,-185,-31,-129,-19,-109
NA,0,0,-73,-17,-146,-79,-177,-133,-186,-180,-128,-241,-216,-202,-204,-122,-176,-72,-64,-250,-163,-200,-155,-110,-135,-61,-1,-229,-90,-185,-86,-99,-70,-55,59,-190,-10,-155,-23,-98,-16,-69
NA,0,0,-65,-19,-131,-75,-164,-122,-184,-161,-133,-231,-223,-191,-208,-105,-178,-55,-78,-245,-184,-196,-168,-96,-142,-51,-16,-230,-106,-177,-92,-85,-68,-54,47,-197,-21,-146,-20,-89,-2,-74
NA,0,0,-61,-1,-147,-65,-198,-124,-230,-171,-149,-199,-227,-190,-215,-108,-191,-51,-95,-219,-188,-200,-178,-108,-156,-53,-32,-218,-108,-185,-96,-88,-73,-36,35,-200,-21,-166,-26,-96,-12,-55
NA,0,0,-71,-16,-145,-80,-177,-117,-182,-140,-149,-233,-226,-229,-216,-140,-192,-86,-83,-251,-175,-249,-173,-137,-148,-90,-11,-242,-84,-231,-86,-124,-66,-90,65,-217,13,-189,0,-120,11,-100
NA,0,0,-76,-23,-147,-91,-184,-139,-197,-177,-143,-249,-221,-238,-216,-144,-196,-87,-75,-265,-167,-248,-168,-136,-150,-84,-5,-252,-83,-219,-83,-119,-65,-88,64,-221,1,-171,-4,-110,13,-100
NA,0,0,-75,-19,-145,-71,-186,-103,-213,-124,-151,-229,-226,-212,-215,-135,-191,-87,-90,-243,-181,-215,-177,-123,-158,-77,-24,-230,-106,-197,-109,-114,-97,-78,43,-203,-15,-180,-29,-138,-25,-124
NA,0,0,-87,-25,-139,-85,-159,-132,-170,-169,-113,-198,-194,-183,-193,-124,-171,-88,-83,-204,-173,-178,-170,-111,-149,-79,-51,-191,-140,-158,-132,-97,-110,-77,-24,-162,-93,-131,-90,-94,-70,-87
NA,0,0,-61,-22,-101,-69,-117,-108,-125,-141,-97,-152,-149,-157,-152,-111,-138,-81,-71,-160,-130,-152,-128,-96,-112,-72,-40,-157,-100,-145,-97,-94,-81,-75,-9,-144,-62,-129,-62,-96,-46,-86
NA,0,0,-58,-18,-102,-66,-111,-105,-108,-139,-93,-142,-141,-156,-141,-107,-125,-81,-65,-149,-117,-152,-115,-94,-98,-80,-32,-149,-85,-148,-79,-93,-60,-84,5,-141,-42,-135,-41,-98,-23,-93
NA,0,0,-15,-50,-41,-96,-67,-124,-83,-137,-51,-135,-133,-136,-132,-111,-110,-103,-50,-113,-141,-109,-132,-85,-108,-79,-52,-82,-136,-75,-124,-56,-99,-54,-57,-46,-124,-39,-112,-27,-88,-26
NA,0,0,-12,-57,-43,-106,-86,-120,-121,-108,-51,-135,-126,-145,-123,-120,-104,-111,-67,-106,-145,-123,-139,-99,-116,-88,-83,-69,-158,-83,-153,-61,-132,-52,-101,-30,-157,-41,-150,-28,-131,-22
NA,0,0,-4,-65,-34,-106,-67,-115,-91,-103,-86,-113,-98,-130,-82,-122,-67,-108,-109,-88,-118,-110,-101,-103,-85,-89,-121,-57,-129,-75,-111,-72,-94,-62,-125,-24,-126,-35,-109,-35,-95,-30
NA,0,0,29,-59,23,-118,4,-150,-9,-148,-44,-124,-10,-150,6,-131,3,-113,-68,-105,-32,-130,-16,-115,-18,-97,-79,-84,-51,-108,-34,-100,-32,-85,-82,-63,-61,-86,-46,-80,-43,-67
NA,0,0,36,-51,34,-104,16,-133,4,-136,-25,-117,7,-153,21,-132,18,-110,-52,-105,-17,-133,-3,-118,-7,-101,-65,-89,-37,-117,-21,-107,-21,-93,-70,-72,-49,-95,-34,-88,-32,-75
NA,0,0,33,-50,32,-105,15,-137,2,-143,-32,-113,3,-152,18,-130,13,-110,-58,-99,-20,-131,-5,-115,-10,-98,-68,-84,-38,-116,-22,-104,-24,-88,-71,-71,-49,-99,-34,-91,-33,-78
NA,0,0,35,-51,33,-108,13,-139,-2,-146,-30,-111,1,-154,18,-132,16,-112,-57,-100,-21,-135,-4,-118,-7,-101,-67,-87,-38,-120,-21,-108,-21,-94,-70,-75,-48,-105,-33,-97,-31,-84
NA,0,0,7,-59,-13,-104,-47,-119,-72,-113,-61,-93,-77,-147,-53,-136,-40,-115,-87,-72,-98,-129,-77,-124,-67,-104,-105,-49,-112,-103,-90,-99,-81,-82,-114,-29,-115,-71,-97,-73,-90,-61
NA,0,0,-29,-51,-75,-92,-126,-100,-160,-85,-88,-114,-178,-98,-183,-69,-166,-56,-79,-76,-183,-58,-183,-32,-161,-25,-72,-29,-169,-13,-159,3,-129,4,-67,20,-146,33,-142,36,-118,29
NA,0,0,-96,12,-153,-21,-191,-55,-224,-79,-144,-137,-226,-95,-214,-42,-187,-21,-120,-143,-208,-88,-192,-30,-166,-12,-95,-128,-177,-66,-156,-18,-131,-10,-70,-97,-126,-33,-111,-4,-90,-8
NA,0,0,-68,13,-152,-30,-184,-83,-195,-129,-189,-123,-264,-135,-233,-70,-197,-43,-155,-152,-239,-160,-200,-82,-160,-71,-104,-169,-162,-163,-121,-85,-90,-85,-44,-179,-87,-166,-70,-113,-49,-115
NA,0,0,-73,1,-153,-44,-185,-93,-194,-143,-188,-146,-264,-158,-244,-97,-213,-72,-150,-174,-221,-174,-189,-93,-157,-80,-97,-188,-143,-172,-108,-94,-83,-91,-36,-193,-70,-170,-55,-118,-39,-124
NA,0,0,-68,3,-145,-36,-182,-76,-205,-106,-168,-128,-242,-170,-244,-113,-225,-73,-128,-151,-199,-184,-176,-100,-147,-81,-75,-165,-120,-177,-88,-99,-62,-94,-13,-173,-45,-183,-37,-127,-23,-122
NA,0,0,-72,9,-156,-36,-190,-84,-202,-122,-195,-134,-264,-180,-245,-118,-214,-82,-151,-162,-217,-192,-175,-106,-141,-91,-95,-179,-136,-194,-96,-116,-74,-114,-30,-191,-57,-198,-43,-142,-32,-142
